tissue	row	col	imagerow	imagecol
AAACAAGTATCTCCCA-1	1	50	102	7739	9335
AAACAGAGCGACTCCT-1	1	14	94	2864	8721
AAACATTTCCCGGATT-1	1	61	97	9227	8943
AAACCTAAGCAGCCGG-1	1	65	83	9767	7853
AAACGAAGAACATACC-1	1	6	64	1777	6389
AAACGAGACGGTTGAT-1	1	35	79	5705	7549
AAACGGGCGTACGGGT-1	1	65	91	9768	8475
AAACTGCTGGCTCCAA-1	1	45	67	7057	6613
AAAGGGCAGCTTGAAT-1	1	24	26	4208	3428
AAAGTGTGATTTATCT-1	1	44	94	6926	8714
AAAGTTGACTCCCGTA-1	1	42	96	6655	8870
AAATAACCATACGGGA-1	1	14	88	2863	8254
AAATACCTATAAGCAT-1	1	47	69	7328	6768
AAATCCGATACACGCC-1	1	65	87	9768	8164
AAATCTAGCCCTGCTA-1	1	53	101	8145	9256
AAATGCTCGTTACGTT-1	1	16	24	3125	3274
AAATGGCATGTCTTGT-1	1	13	69	2725	6776
AAATTACACGACTCTG-1	1	14	86	2863	8099
AAATTACCTATCGATG-1	1	26	94	4489	8718
AACACACGCTCGCCGC-1	1	51	93	7873	8634
AACACGACTGTACTGA-1	1	9	65	2183	6466
AACAGGAAATCGAATA-1	1	15	67	2995	6620
AACAGGTAGTATGGAT-1	1	49	113	7605	10191
AACATATCAACTGGTG-1	1	27	99	4625	9107
AACCATGGGATCGCTA-1	1	14	30	2855	3742
AACCCAGAGACGGAGA-1	1	15	39	2991	4442
AACCCGAGCAGAATCG-1	1	57	113	8688	10189
AACCCTACTGTCAATA-1	1	40	96	6384	8871
AACCCTGGTGGAACCA-1	1	8	70	2048	6855
AACCGAGCTTGGTCAT-1	1	24	70	4214	6851
AACCGCTAAGGGATGC-1	1	46	92	7196	8558
AACCGTTGTGTTTGCT-1	1	12	64	2589	6388
AACCTCGCTTTAGCCC-1	1	62	82	9361	7776
AACCTTTACGACGTCT-1	1	16	92	3134	8565
AACGATAGAAGGGCCG-1	1	15	53	2993	5531
AACGCTGTTGCTGAAA-1	1	54	94	8279	8711
AACGGACGTACGTATA-1	1	50	92	7738	8557
AACGTGCGAAAGTCTC-1	1	36	74	5840	7160
AACGTTATCAGCACCT-1	1	22	10	3935	2183
AACTCCAGAGCGTGTT-1	1	60	92	9091	8554
AACTCTCAATAGAGCG-1	1	35	93	5707	8638
AACTGATATTAGGCCT-1	1	16	66	3131	6542
AACTGGGTCCCGACGT-1	1	20	66	3672	6541
AACTTCTGCGTCTATC-1	1	18	18	3395	2807
AACTTGCGTTCTCGCG-1	1	14	20	2853	2964
AAGAAGGATCAGTTAG-1	1	13	25	2719	3353
AAGACTGCAAGCTACT-1	1	36	68	5839	6693
AAGAGCTCTTTATCGG-1	1	35	77	5705	7393
AAGAGGCATGGATCGC-1	1	36	80	5840	7627
AAGAGGCCCTTTGGAA-1	1	59	109	8958	9877
AAGATTGGCGGAACGT-1	1	26	90	4488	8407
AAGCCGAAGCGGTTTA-1	1	49	107	7604	9724
AAGCTAGATCGAGTAA-1	1	50	68	7734	6689
AAGCTCGTGCCAAGTC-1	1	35	73	5704	7082
AAGCTCTTTCATGGTG-1	1	57	81	8684	7699
AAGGATGAGGGACCTC-1	1	27	87	4623	8173
AAGGCGCGTAAAGCTT-1	1	24	38	4210	4362
AAGGGACAGATTCTGT-1	1	26	92	4488	8563
AAGGTGATAAACCAGC-1	1	44	92	6925	8558
AAGTAGAAGACCGGGT-1	1	19	47	3534	5063
AAGTCAATTGTCGTCA-1	1	45	101	7062	9258
AAGTGCCTTGACTGTA-1	1	44	104	6927	9492
AAGTTCACTCCAAGCT-1	1	57	85	8684	8010
AAGTTGTGATGTTATA-1	1	66	106	9906	9642
AATACAATGTTTCAGG-1	1	23	19	4072	2884
AATAGAATCTGTTTCA-1	1	48	86	7466	8090
AATATCGAATCAATGC-1	1	49	109	7605	9880
AATATCGAGGGTTCTC-1	1	27	101	4625	9263
AATCATGTAAAGACTC-1	1	54	98	8280	9023
AATCCAAGGGCCTGAG-1	1	13	47	2722	5065
AATCGCCTCAGCGCCA-1	1	39	79	6246	7548
AATCGTGAGCCGAGCA-1	1	67	83	10038	7852
AATCTGCGTTGGGACG-1	1	32	92	5301	8561
AATGACGTAGGATGTC-1	1	44	78	6923	7469
AATGAGTTCGCATATG-1	1	15	21	2989	3041
AATGATGATACGCTAT-1	1	23	93	4082	8641
AATGATGCGACTCCTG-1	1	25	101	4354	9263
AATGCACCAAGCAATG-1	1	19	97	3541	8954
AATGGTTCTCACAAGC-1	1	19	35	3532	4129
AATTAGCGCTGCAGCG-1	1	51	63	7869	6300
AATTCATAAGGGATCT-1	1	23	91	4082	8486
AATTCGATTCGAGGAT-1	1	66	76	9901	7308
AATTCTAGAGTTAGGC-1	1	49	63	7598	6301
AATTGAACGCTCTGGT-1	1	45	83	7059	7858
AATTGCAGCAATCGAC-1	1	64	102	9634	9331
AATTGTGGTTGCCAAA-1	1	65	119	9772	10654
AATTTGGGACATAGTA-1	1	13	91	2728	8488
AATTTGGTTCCAAAGA-1	1	11	67	2454	6621
ACAAAGCATGACCTAG-1	1	63	97	9498	8943
ACAAATGGTAGTGTTT-1	1	44	84	6924	7936
ACAACAGCATGAGCTA-1	1	32	72	5298	7005
ACAACGGTCCCTGCGA-1	1	22	30	3938	3740
ACAAGGATGCTTTAGG-1	1	61	87	9226	8165
ACAAGGGCAGGCTCTG-1	1	44	76	6923	7313
ACAATTGTGTCTCTTT-1	1	51	97	7874	8946
ACAATTTGAGCAGTGG-1	1	28	82	4758	7784
ACACACCAGGACCAGT-1	1	44	90	6925	8403
ACACACTTTCTACACG-1	1	14	64	2860	6387
ACACCCGAGAAATCCG-1	1	19	39	3533	4441
ACACCGAGCGCTCTTT-1	1	15	5	2987	1796
ACACGAGACTCCTTCT-1	1	31	71	5162	6928
ACACGGGAACTTAGGG-1	1	27	71	4621	6929
ACACGTAGGCCACAAG-1	1	58	110	8823	9955
ACACTCCAATGTCACT-1	1	17	17	3259	2729
ACACTGGGACAGTCGT-1	1	59	115	8959	10344
ACAGCATAGAGCCAGT-1	1	10	58	2317	5921
ACAGCGACATTCTCAT-1	1	59	99	8957	9099
ACAGCGCACCCGCAGC-1	1	10	80	2320	7633
ACAGGCTTGCCCGACT-1	1	53	87	8143	8167
ACATAATAAGGCGGTG-1	1	21	63	3807	6308
ACATCCTGGTAACTGT-1	1	42	102	6656	9337
ACATCGTATGCAATGG-1	1	45	81	7059	7702
ACATCGTTAACCTAGT-1	1	9	75	2184	7244
ACATGGCGCCAAAGTA-1	1	40	104	6385	9493
ACATTAGTTTATATCC-1	1	51	61	7869	6145
ACCAACCGCACTCCAC-1	1	65	97	9769	8942
ACCAAGAACGCGTGTC-1	1	17	49	3264	5219
ACCAATATGCAAGTTA-1	1	56	78	8548	7466
ACCAGTGCGGGAGACG-1	1	48	94	7467	8713
ACCATTAAGGGTGTCA-1	1	13	5	2716	1797
ACCCAACGCCCGTGGC-1	1	30	86	5029	8095
ACCCACCTACATGCTC-1	1	25	25	4343	3350
ACCCATTTGTCCCTCT-1	1	60	100	9093	9177
ACCCGGATGACGCATC-1	1	38	100	6114	9182
ACCCTATAGGACTGAG-1	1	12	20	2583	2964
ACCCTCCCTTGCTATT-1	1	48	84	7466	7935
ACCCTTCATCTGCGAA-1	1	13	65	2724	6465
ACCGAGTCTCCTTATT-1	1	71	79	10579	7540
ACCGATAGGCATAACC-1	1	60	118	9095	10577
ACCGATGGTAGCATCG-1	1	36	92	5842	8560
ACCGGGCCTTTGTTGA-1	1	46	98	7197	9025
ACCTCCGCCCTCGCTG-1	1	55	107	8417	9723
ACGATCATCTTGTAAA-1	1	36	102	5844	9338
ACGATGGATCCGATGC-1	1	10	70	2319	6855
ACGCATACGTTTACTA-1	1	56	102	8551	9333
ACGCCAGATGATTTCT-1	1	17	73	3267	7087
ACGCCGCTAGACGACC-1	1	43	71	6787	6925
ACGCGGGCCAAGGACA-1	1	34	62	5567	6227
ACGCTAGTGATACACT-1	1	28	100	4760	9185
ACGGAATTTAGCAAAT-1	1	15	27	2990	3508
ACGGACTCTCAAAGCG-1	1	61	75	9224	7231
ACGGATGGTGCGGATA-1	1	57	79	8683	7544
ACGGCACTTGCTTGGG-1	1	52	60	8004	6066
ACGGGTCATGTGACTT-1	1	15	9	2987	2107
ACGTACAGATTTCTCT-1	1	10	66	2318	6544
ACGTAGATTGCTGATG-1	1	33	67	5432	6616
ACGTATTACTCCGATC-1	1	41	97	6520	8948
ACGTGCGCCTCGTGCA-1	1	17	63	3266	6309
ACGTTAATGTCGAAGA-1	1	41	69	6516	6769
ACGTTATTGGTCACTC-1	1	19	13	3529	2418
ACGTTCTGTACAAGTC-1	1	65	95	9769	8787
ACGTTTAGTTGTGATC-1	1	14	68	2860	6698
ACTAGTTGCGATCGTC-1	1	50	104	7739	9491
ACTATCGCCGGCTAAA-1	1	13	1	2715	1485
ACTATCTGCCCGCGTA-1	1	53	113	8147	10190
ACTATTCGTCCGTGGT-1	1	14	74	2861	7165
ACTCAAGTGCAAGGCT-1	1	60	86	9091	8088
ACTCCCGAATTCGTTT-1	1	32	104	5302	9495
ACTCCCTAGAATAGTA-1	1	48	70	7464	6846
ACTCCGGCCGACCACT-1	1	70	90	10445	8396
ACTCGATGTATTTCAT-1	1	18	10	3394	2184
ACTCGTCAGTAATCCC-1	1	36	78	5840	7471
ACTCTCTGACTTAGGT-1	1	42	78	6652	7470
ACTCTTGTATAGTAAC-1	1	36	70	5839	6849
ACTGAAACGCCGTTAG-1	1	57	93	8685	8633
ACTGAATGGCGAAAGT-1	1	47	83	7330	7857
ACTGCCGTCGTAACTC-1	1	16	70	3131	6853
ACTGTACGATACACAT-1	1	30	78	5028	7472
ACTGTCTTCTTTAGAA-1	1	30	64	5026	6383
ACTGTGCTAGTAGATC-1	1	13	31	2720	3820
ACTTACGCATCCACGC-1	1	58	78	8819	7466
ACTTAGTACGACAAGA-1	1	14	32	2855	3897
ACTTATACTTACCCGG-1	1	36	90	5842	8405
ACTTATTTATGTGCCA-1	1	46	90	7196	8402
ACTTCCATGCGGGACA-1	1	61	85	9226	8009
ACTTCGCCATACGCAC-1	1	27	75	4621	7240
ACTTGACTCCCTCTTT-1	1	42	72	6652	7003
ACTTGTGGATGGAACG-1	1	52	108	8011	9801
AGAACGTGGTACATTC-1	1	27	73	4621	7084
AGAAGAGCGCCGTTCC-1	1	38	88	6112	8249
AGAAGGTTGTAGGTCG-1	1	64	78	9631	7464
AGAATTATGGATTCGA-1	1	32	98	5301	9028
AGAATTGTTTGACATA-1	1	17	23	3260	3196
AGACAGCTCAGAATCC-1	1	22	12	3935	2339
AGACCATGGGATACAA-1	1	22	28	3938	3584
AGACCCACCGCTGATC-1	1	49	65	7598	6456
AGACCGCTCCGCGGTT-1	1	51	111	7876	10035
AGACGAAGTGCCGGTC-1	1	49	97	7603	8946
AGAGAACCGTCTAGGA-1	1	26	88	4488	8252
AGAGCAGTTATGAGAC-1	1	29	19	4884	2882
AGAGCCGCCGAGATTT-1	1	58	112	8823	10111
AGAGCGGGCTAATCAT-1	1	16	64	3130	6387
AGAGCGTACAAGCTCG-1	1	24	28	4208	3584
AGAGGCTTCGGAAACC-1	1	51	101	7874	9257
AGAGTAAACTTCACTA-1	1	48	106	7469	9647
AGATACCAATAGAACC-1	1	64	110	9635	9954
AGATACGACTTCATAT-1	1	15	35	2991	4130
AGATACTCAAGATCGA-1	1	46	82	7195	7780
AGATCGTGCATAAGAT-1	1	21	97	3812	8953
AGATCTCAGGTGTGAT-1	1	29	75	4892	7239
AGATGACTCGCCCACG-1	1	21	55	3806	5685
AGATGAGGGTTGCGAT-1	1	14	98	2864	9033
AGCAACATATCTTATT-1	1	41	93	6519	8637
AGCACCAGTACTCACG-1	1	27	65	4620	6462
AGCAGCCAGATGAATA-1	1	56	58	8545	5910
AGCAGTCGAAGCATGC-1	1	74	84	10986	7928
AGCATATCAATATGCT-1	1	51	95	7873	8790
AGCATCGTCGATAATT-1	1	22	52	3941	5451
AGCCACAGGTTACCCG-1	1	63	89	9497	8320
AGCCCTAAGCGAAGTT-1	1	15	65	2995	6465
AGCCTTAAAGCGGAAG-1	1	21	15	3800	2573
AGCGACATCCCATTCA-1	1	17	59	3265	5997
AGCGATGCGCCTAATA-1	1	64	108	9635	9798
AGCGCGGGTGCCAATG-1	1	24	92	4217	8563
AGCGGGAAGGGTCCAT-1	1	13	37	2720	4287
AGCGTGGTATTCTACT-1	1	45	71	7058	6924
AGCTAAGTACGCAGGC-1	1	64	86	9632	8087
AGCTAGAAGCAGAAGT-1	1	21	99	3812	9109
AGCTATTTAATCCAAC-1	1	16	74	3132	7165
AGCTCCATATATGTTC-1	1	57	109	8688	9878
AGCTCCTTCGCACATC-1	1	52	86	8007	8089
AGCTCTAGACGTTCCA-1	1	38	76	6111	7315
AGCTCTTCCCAGTGCA-1	1	18	88	3405	8254
AGGAACGAACGACTTC-1	1	64	120	9637	10732
AGGACAGTCGAATCCC-1	1	43	85	6789	8014
AGGACATCGCACGTCG-1	1	16	38	3127	4364
AGGACGCTCGATGTTG-1	1	18	98	3406	9032
AGGACTTATAGGAGAA-1	1	13	3	2716	1641
AGGAGGCCTTCGCGCG-1	1	52	98	8009	9023
AGGATATAGGGATTTA-1	1	46	96	7197	8869
AGGCATTGTCGTAGGG-1	1	49	99	7603	9102
AGGCCCATTGTACAGG-1	1	15	55	2994	5687
AGGCCTGAGAATCTCG-1	1	62	88	9362	8243
AGGCTATGGTTAGCTT-1	1	26	30	4479	3739
AGGCTTGCTAGACACC-1	1	24	18	4207	2805
AGGGAAACGAGGTACT-1	1	13	89	2728	8333
AGGGCCCTAATGTTCT-1	1	64	122	9637	10888
AGGGCGTGATCGGCTA-1	1	17	45	3263	4908
AGGGCTGCAGTTACAG-1	1	35	65	5703	6460
AGGGTCGATGCGAACT-1	1	37	97	5978	8949
AGGGTGCTCTCGAGGG-1	1	34	92	5571	8561
AGGGTTCCCTTTGGTT-1	1	30	88	5029	8251
AGGGTTTAGTTCGGGA-1	1	33	63	5432	6305
AGGTAACCTCCTATTC-1	1	13	41	2721	4598
AGGTACGATATTGCCA-1	1	12	76	2591	7321
AGGTCGCCTCCCAACA-1	1	61	121	9231	10811
AGGTTGAGGCACGCTT-1	1	22	74	3944	7163
AGGTTTCACACACCTT-1	1	41	67	6516	6614
AGTAATGTCTTGCCGC-1	1	16	60	3130	6075
AGTACAGAAGCTTATA-1	1	71	77	10579	7385
AGTACTCTTATGCCCA-1	1	56	88	8549	8244
AGTAGGAAGGAAGTTG-1	1	16	98	3135	9032
AGTAGGTAACATACAT-1	1	13	51	2722	5376
AGTCAAGATGACACTT-1	1	48	90	7466	8402
AGTCACTAGCTCTCGA-1	1	55	99	8415	9100
AGTCAGCCACCGCCTG-1	1	16	28	3125	3586
AGTCCATTGGCTGATG-1	1	42	100	6656	9181
AGTCCCGCCTTTAATT-1	1	17	93	3270	8643
AGTCGACGGTCTCAAG-1	1	38	90	6113	8404
AGTCGTATAAAGCAGA-1	1	65	81	9767	7697
AGTCGTCGACCACCAA-1	1	57	91	8685	8477
AGTCTGGACATCCTTG-1	1	18	20	3395	2963
AGTCTTTAAAGTGTCC-1	1	67	77	10037	7386
AGTGAACAAACTTCTC-1	1	44	102	6927	9336
AGTGAGACTTCCAGTA-1	1	35	87	5706	8172
AGTGAGCCTCGCCGCC-1	1	29	103	4896	9418
AGTGATAACCTGCGCG-1	1	59	89	8956	8321
AGTGATTCAAGCAGGA-1	1	33	87	5435	8172
AGTGCACGCTTAAGAA-1	1	52	96	8009	8868
AGTGCTAAACACAGCA-1	1	61	91	9227	8476
AGTGCTTGCACGAATA-1	1	41	89	6519	8326
AGTGGCGGCAATTTGA-1	1	24	94	4218	8719
AGTGGCGTCTGAAGGT-1	1	62	86	9361	8087
AGTGTATTGCGCATTG-1	1	17	95	3270	8798
AGTGTGCTAAGATCGC-1	1	14	10	2852	2185
AGTGTGGTCTATTGTG-1	1	21	23	3802	3195
AGTTAAGCGGTCCCGG-1	1	16	80	3133	7632
AGTTACCCTTAAGACT-1	1	24	8	4206	2027
AGTTACCGCACATGGT-1	1	26	14	4477	2494
AGTTACTCTATCGTGG-1	1	15	89	2999	8332
AGTTCACCGGTTGGAC-1	1	20	8	3664	2028
AGTTCCTATTTATGTT-1	1	43	65	6786	6458
AGTTCTGCGTTGTATC-1	1	13	19	2718	2886
AGTTGCTGACTGATAT-1	1	16	18	3124	2807
AGTTTCGCAGGTCGGA-1	1	12	62	2589	6232
AGTTTGGCACGGGTTG-1	1	48	102	7468	9335
ATAAACGTTGCACCAC-1	1	57	107	8687	9722
ATAACGCCGGAGGGTC-1	1	35	81	5705	7705
ATAAGGTGGAGAACAT-1	1	50	72	7735	7001
ATAATACCGTTAGCCG-1	1	16	16	3124	2652
ATAATAGCTGTTGAAT-1	1	47	63	7327	6301
ATAATAGTGTAGGGAC-1	1	18	30	3396	3741
ATAATCTTGGAGAACC-1	1	61	77	9225	7387
ATACGCCGGCGAAACC-1	1	40	78	6382	7470
ATACGTCCACTCCTGT-1	1	47	93	7332	8635
ATACTACCCGTACCAC-1	1	59	105	8958	9566
ATACTAGCATGACCCT-1	1	21	61	3807	6152
ATACTGCCTTACACCG-1	1	58	84	8819	7932
ATAGACAACGGGACCT-1	1	28	92	4759	8562
ATAGAGTTATCAACTT-1	1	27	93	4624	8640
ATAGCAACTAGGGAAG-1	1	62	98	9363	9021
ATAGCCTCAGTACCCA-1	1	18	14	3394	2496
ATAGCTGCTCTTGTTA-1	1	16	10	3123	2185
ATAGGCTAGCTTCGCA-1	1	25	97	4354	8952
ATAGGGATATCCTTGA-1	1	21	71	3808	6930
ATAGTCTTTGACGTGC-1	1	7	67	1912	6622
ATAGTTCCACCCACTC-1	1	38	102	6114	9338
ATATAACACGGGCGCA-1	1	66	94	9904	8709
ATATACGCTCGTGACG-1	1	62	108	9364	9799
ATATCAACCTACAGAG-1	1	37	105	5979	9572
ATATCGTTCCTCGAAC-1	1	58	92	8821	8555
ATATCTCCCTCGTTAA-1	1	19	87	3540	8175
ATATGTCTCCCTAGCC-1	1	35	97	5707	8950
ATATTCCCACAGGTCA-1	1	11	59	2453	5999
ATATTGCTGTCAAAGT-1	1	18	32	3397	3896
ATCAAACACTGTTCCA-1	1	47	107	7334	9725
ATCAATCTGGGCTGCA-1	1	33	65	5432	6460
ATCACTTCATCCTCGC-1	1	21	67	3808	6619
ATCAGCCTCATGCTGC-1	1	57	87	8685	8166
ATCATAGCCCTATGTA-1	1	62	106	9364	9643
ATCGACCCAATACAGA-1	1	43	63	6786	6302
ATCGACTCTTTCCGTT-1	1	23	61	4078	6151
ATCGGCAAGCAGTCCA-1	1	20	96	3677	8875
ATCGTTAGCTAGCGGA-1	1	58	98	8821	9022
ATCTACCATCTGCTCC-1	1	70	88	10445	8241
ATCTCCCACGGAATAT-1	1	60	108	9094	9799
ATCTCCCTGCAATCTA-1	1	16	72	3132	7009
ATCTGATAGTGTCTTA-1	1	16	12	3123	2341
ATCTGCACCTCTGCGA-1	1	29	101	4896	9262
ATCTGGTTAAGACTGT-1	1	26	76	4486	7318
ATCTGTAATTGTACCC-1	1	15	57	2994	5842
ATCTTATCGCACACCC-1	1	64	104	9635	9487
ATGAAGCCAAGGAGCC-1	1	22	46	3940	4985
ATGACGCCGGCTCTAA-1	1	16	58	3130	5920
ATGACTATGCGACATT-1	1	48	88	7466	8246
ATGATCGGGAATAGAC-1	1	16	54	3129	5609
ATGCACCTTCCTTAAT-1	1	20	6	3664	1873
ATGCCATTTGCGACCA-1	1	43	91	6790	8481
ATGCCGGTCTTGCATA-1	1	31	75	5163	7239
ATGCGACAGTCCCATT-1	1	35	71	5704	6927
ATGCGAGTCCCACCAC-1	1	48	104	7468	9491
ATGCTCAGTGTTGCAT-1	1	21	29	3802	3662
ATGCTCTGGCGCGGTA-1	1	60	76	9089	7309
ATGCTTAGGAGTTGAT-1	1	56	112	8553	10112
ATGGAGCAGGCCGTGA-1	1	36	66	5838	6537
ATGGATCCGGCGTCCG-1	1	19	79	3539	7553
ATGGGCCTCGGCCTCT-1	1	45	91	7060	8480
ATGGTCGCGTGGTTTC-1	1	45	85	7060	8013
ATGTACATGCGGTGAG-1	1	64	112	9636	10110
ATGTCATTTCCCATTG-1	1	18	4	3393	1718
ATGTGGACATCTTGAT-1	1	47	71	7328	6924
ATGTTACGAGCAATAC-1	1	15	29	2990	3664
ATGTTCCTGCCCACCT-1	1	16	8	3122	2029
ATGTTGATTAGAGACT-1	1	68	92	10174	8552
ATTAACACCTGAGATA-1	1	19	1	3528	1484
ATTAATACTACGCGGG-1	1	22	66	3943	6541
ATTAATGAACCAGTCG-1	1	23	79	4080	7552
ATTAATTCGGTCACTC-1	1	14	66	2860	6543
ATTACATGTCAGTCTT-1	1	50	108	7740	9802
ATTACTAGCCTCTTGC-1	1	18	44	3398	4830
ATTACTTACTGGGCAT-1	1	22	100	3948	9186
ATTAGATTGATAGCGG-1	1	19	49	3534	5219
ATTAGGCGATGCTTTC-1	1	37	71	5975	6926
ATTATACTTTGCTCGT-1	1	18	78	3403	7475
ATTATGCCATAGGGAG-1	1	21	53	3806	5529
ATTATTCAGAGTCACT-1	1	67	97	10040	8942
ATTCAACCATTTAAGG-1	1	58	100	8822	9177
ATTCAGGACCTATTTC-1	1	20	98	3677	9031
ATTCATCGTTGAGGCA-1	1	61	89	9226	8321
ATTCCTCCGCCAGTGC-1	1	23	39	4075	4440
ATTCGCGCCTTGAGAG-1	1	65	107	9770	9720
ATTGACGTAACTCGGT-1	1	8	72	2048	7011
ATTGATAGCAACGAGA-1	1	12	22	2583	3120
ATTGATGAGTCCTAAC-1	1	33	99	5437	9106
ATTGCCTTTATGTTTG-1	1	64	84	9632	7931
ATTGCGATCAGTAACT-1	1	51	99	7874	9101
ATTGGATTACAGCGTA-1	1	54	102	8280	9334
ATTGGGAATATCTTGG-1	1	12	52	2587	5454
ATTGTACAACTCGGCT-1	1	35	103	5708	9416
ATTGTCGCAATACCTT-1	1	15	85	2998	8021
ATTTAACTCGTATTAC-1	1	14	52	2858	5453
ATTTCATTATTTCGCG-1	1	14	78	2862	7476
ATTTGTCTTGGGAGCT-1	1	40	84	6383	7937
ATTTGTTCCAGGGCTC-1	1	19	71	3538	6931
CAAACTACGATAGAGA-1	1	12	84	2592	7944
CAAACTATTGAGCTTC-1	1	11	75	2455	7244
CAAATTGTCAGCAAGC-1	1	13	67	2725	6621
CAACCAGTGGCCTACC-1	1	61	115	9230	10344
CAACCTACCGAGCAGT-1	1	61	103	9228	9410
CAACGACCCGTTTACA-1	1	20	50	3670	5296
CAACGGTTCTTGATAC-1	1	18	38	3398	4363
CAACGTGGTGGAGTCT-1	1	55	113	8417	10190
CAACTATATCGAATGC-1	1	15	79	2997	7554
CAACTCCTTGATCCCG-1	1	18	46	3399	4986
CAAGATATTATAACGT-1	1	45	89	7060	8325
CAAGCACCAAATGCCT-1	1	18	66	3401	6542
CAAGGATCGCATGTTC-1	1	40	68	6380	6692
CAAGGCCAGTGGTGCA-1	1	66	100	9905	9175
CAAGTGTGGTTGCAAA-1	1	40	94	6384	8715
CAATAAACCTTGGCCC-1	1	26	74	4486	7162
CAATCCCTATACCAGC-1	1	12	88	2592	8255
CAATCCTGCCGTGGAG-1	1	14	24	2854	3275
CAATGCGAGAAGTATC-1	1	54	82	8278	7778
CAATGGATCTCTACCA-1	1	28	86	4758	8095
CAATTAAGGGTGATGA-1	1	29	65	4891	6461
CAATTTCGTATAAGGG-1	1	37	63	5973	6304
CACACACGCTAACGAG-1	1	55	103	8416	9411
CACACAGGGATAGATT-1	1	25	27	4344	3505
CACACGCGCTGTCTTA-1	1	33	89	5436	8328
CACAGCTAGGGAGTGA-1	1	20	60	3671	6074
CACAGGGCCATATAGT-1	1	57	97	8686	8944
CACAGTCCCGCTTCGC-1	1	60	112	9094	10111
CACATTCTTTCGATGG-1	1	18	90	3405	8409
CACCATCGGAGGAGAC-1	1	11	61	2453	6154
CACCCAAATCTTATGT-1	1	35	105	5709	9572
CACCCACACGTCACCC-1	1	17	43	3263	4752
CACCCTAACAAGATCT-1	1	56	80	8548	7622
CACCGCCGACCAGCGA-1	1	9	67	2183	6622
CACCGTATCCCATCCG-1	1	52	104	8010	9490
CACCTAATAGAGTCGT-1	1	17	25	3260	3352
CACCTAATCAGTTTAC-1	1	20	72	3673	7008
CACCTCGATGGTGGAC-1	1	18	70	3402	6853
CACCTTGGCGCCTTTG-1	1	43	103	6791	9414
CACGCACAGCGCAGCT-1	1	24	72	4215	7007
CACGCGGAACTGTTGC-1	1	42	98	6655	9026
CACGTCAATCAATGGA-1	1	62	116	9366	10421
CACGTCGGGTTCTAGA-1	1	15	1	2986	1485
CACGTTCGTGCTCTAG-1	1	37	81	5976	7704
CACGTTTCGTACACAC-1	1	55	91	8414	8478
CACTACGGGAGCTGCC-1	1	59	107	8958	9722
CACTCAGCTCTTGAGG-1	1	11	71	2454	6933
CACTCCTCTCGGTCGG-1	1	15	87	2998	8176
CACTCTTCTGCTAGCC-1	1	59	101	8957	9255
CACTGTCCAAGTGAGA-1	1	19	43	3534	4752
CACTTCGCCACAGGCT-1	1	21	31	3803	3818
CACTTCGTCTTATCTC-1	1	14	14	2853	2497
CAGAACTTAGCCCTCT-1	1	53	85	8143	8011
CAGAATAACACACGGA-1	1	55	111	8417	10034
CAGACCTGTAAGTGTT-1	1	31	99	5166	9106
CAGAGTGATTTAACGT-1	1	9	69	2183	6777
CAGATAATGGGCGGGT-1	1	66	102	9905	9331
CAGCAGTCCAGACTAT-1	1	50	100	7739	9179
CAGCCGGGCCCTCTAT-1	1	11	85	2456	8022
CAGCCTCCTGCAGAGG-1	1	23	77	4080	7396
CAGCCTCGATAGCGGT-1	1	63	123	9502	10966
CAGCCTCTCCTCAAGA-1	1	15	95	2999	8799
CAGCTCGACAAGTTAA-1	1	28	90	4759	8407
CAGCTCGTGCTTGTGT-1	1	14	42	2857	4675
CAGGAAGACTTTATAT-1	1	13	85	2727	8021
CAGGCAGTCTTACCAG-1	1	65	85	9767	8008
CAGGCGCCATGCTAGG-1	1	49	73	7599	7079
CAGTAATCCCTCCCAG-1	1	21	25	3802	3351
CAGTAGATGATGTCCG-1	1	17	1	3257	1484
CAGTAGCCCACGCGGT-1	1	25	91	4353	8485
CAGTCGAGGATGCAAT-1	1	25	99	4354	9108
CAGTCTGTATACTGGG-1	1	42	66	6651	6536
CAGTGGTTGCACATGA-1	1	16	22	3124	3119
CAGTGTCCGCAGAATG-1	1	15	37	2991	4286
CAGTGTCGGCTGGCCC-1	1	52	92	8008	8556
CATAACGGACAGTCGT-1	1	36	94	5842	8716
CATACAAAGCCGAACC-1	1	13	35	2720	4131
CATAGAGGAGATACTA-1	1	69	87	10309	8163
CATAGCCGCCCGGGAT-1	1	26	22	4478	3116
CATAGTACATTGAGAG-1	1	15	77	2997	7398
CATAGTAGCATAGTAG-1	1	19	45	3534	4908
CATAGTCAAATACATA-1	1	65	93	9768	8631
CATATTATTTGCCCTA-1	1	9	79	2185	7555
CATCAACACCTACTAA-1	1	15	7	2987	1952
CATCATCTACCCGGAC-1	1	11	69	2454	6777
CATCATTACCCTGAGG-1	1	52	94	8009	8712
CATCCGCAGGCCCGAA-1	1	15	15	2988	2574
CATCCTCTCAAAGATC-1	1	54	92	8279	8556
CATCGCCCGCGGCCAA-1	1	14	44	2857	4831
CATCGTCCGGTTACTA-1	1	23	11	4071	2261
CATCTTACACCACCTC-1	1	37	99	5979	9105
CATGAACCGACATTTG-1	1	11	43	2451	4754
CATGAGATGCACTCTC-1	1	59	79	8954	7543
CATGATCGCTTTGAGA-1	1	66	116	9907	10420
CATGATGCACAATTCT-1	1	21	69	3808	6774
CATGATGGAAGTTAGC-1	1	45	103	7062	9414
CATGCGACCAGTTTAA-1	1	26	98	4489	9030
CATGCGTTAGACAGAA-1	1	15	63	2995	6309
CATGCTGGCTCCAATT-1	1	12	60	2588	6076
CATGGATTGTCTTCCG-1	1	55	101	8416	9256
CATGGCAGGAAGATCG-1	1	17	57	3265	5842
CATGGCTCCCTATGTC-1	1	23	1	4069	1483
CATGGGTATGCCTTAT-1	1	56	82	8548	7777
CATGGTAAGTAGCGTT-1	1	45	73	7058	7080
CATGGTCTAGATACCG-1	1	26	66	4485	6540
CATGTAAGAGACATTT-1	1	54	90	8279	8400
CATGTCTCATTTATGG-1	1	49	85	7601	8012
CATTACGTCGGCCCGT-1	1	19	65	3537	6464
CATTCCCTAAGTACAA-1	1	12	18	2582	2808
CATTCGTCGTAGCGGT-1	1	62	122	9366	10888
CATTGTGTGCTAGATC-1	1	13	15	2717	2575
CATTTCTAGCAGACTA-1	1	16	26	3125	3430
CCAAACAGAACCCTCG-1	1	22	48	3940	5140
CCAAATAACAAGATTC-1	1	51	113	7876	10191
CCAAGACTTCTGCGAA-1	1	20	62	3672	6230
CCAAGCGTAACTCGTA-1	1	33	71	5433	6927
CCAAGGAACAGAGAGG-1	1	14	48	2857	5142
CCAAGTTTCTACAGAT-1	1	14	8	2852	2030
CCAATCGGTAGATCGA-1	1	14	84	2862	7943
CCAATTACGGGTCGAG-1	1	19	93	3541	8642
CCAATTGAATGTTAAT-1	1	20	46	3669	4985
CCACAATGTACGTCTT-1	1	29	85	4893	8017
CCACAGTACCCATCCT-1	1	48	92	7467	8557
CCACCCAAGGAAAGTG-1	1	37	75	5975	7237
CCACGAGAAGAGAATC-1	1	17	75	3267	7242
CCACTCAGATCCGCAA-1	1	72	80	10714	7618
CCACTGTTTGGATTAA-1	1	58	106	8823	9644
CCAGAGACAAAGCCGG-1	1	23	21	4072	3039
CCAGATAGTTGAGTGA-1	1	28	84	4758	7940
CCAGCCTGGACCAATA-1	1	37	65	5974	6459
CCAGTAGTCTGATCCA-1	1	27	91	4624	8485
CCATAAACAACCCGAC-1	1	14	76	2861	7321
CCATACCTTTACTTGT-1	1	30	102	5031	9340
CCATAGGTTGGCGTGG-1	1	18	62	3401	6230
CCATAGTCAGTAACCC-1	1	15	17	2988	2730
CCATATGGAAACTATA-1	1	53	103	8145	9412
CCATATTGGATCATGA-1	1	11	11	2446	2264
CCATCCATACCAAGTC-1	1	14	38	2856	4364
CCATCGCAGTTAAACT-1	1	50	62	7733	6223
CCATCTCACCAGTGAA-1	1	38	98	6114	9027
CCATGCCCTAGATTTC-1	1	56	98	8551	9022
CCATGCTCTGCAGGAA-1	1	21	43	3804	4751
CCCAAACATGCTGCTC-1	1	34	88	5571	8250
CCCAACCACACTAACA-1	1	8	66	2048	6544
CCCAAGTCATTACACT-1	1	68	96	10175	8864
CCCAGGTCTGAAGGCT-1	1	53	111	8146	10034
CCCAGTTAAGGCGCCG-1	1	42	82	6653	7781
CCCATATAGGTCGATT-1	1	65	117	9772	10498
CCCGACCATAGTCCGC-1	1	20	74	3673	7164
CCCGAGTTTCTCCGTA-1	1	48	108	7469	9802
CCCGCAGCGCGAACTA-1	1	49	67	7599	6612
CCCGCAGGGCCCAAAG-1	1	11	79	2456	7555
CCCGCCATGCTCCCGT-1	1	19	41	3533	4596
CCCGCGCAATGCACCC-1	1	19	23	3531	3196
CCCGGTGGAAGAACCT-1	1	25	21	4343	3039
CCCGTTTCGCAGATGT-1	1	52	106	8010	9646
CCCTACTTGAACAATG-1	1	70	86	10444	8085
CCCTCAAGCTCTTAGT-1	1	20	4	3663	1717
CCCTCATTCTGGAATT-1	1	16	44	3128	4830
CCCTCCTCGCTCGTAT-1	1	50	106	7740	9646
CCCTGATGTAACTCGT-1	1	14	16	2853	2652
CCCTGTTGGCAAAGAC-1	1	12	10	2581	2186
CCCTTTAATGGAGTTC-1	1	63	109	9500	9876
CCGAAAGTGGTGAGCA-1	1	17	27	3261	3507
CCGAACCTTCCCGGCC-1	1	49	71	7599	6923
CCGAAGTATATTGTTC-1	1	22	22	3937	3117
CCGACAAACACATGAG-1	1	16	14	3123	2496
CCGACAATAGGCCGCC-1	1	57	111	8688	10033
CCGAGGGATGTTAGGC-1	1	6	62	1776	6233
CCGATCTCAACCTTAT-1	1	37	101	5979	9260
CCGCACAAAGACCAAC-1	1	36	76	5840	7315
CCGCCGGTCAACACAC-1	1	13	55	2723	5687
CCGCCTGCGAATTGGT-1	1	15	97	3000	8955
CCGCGTAGGTAAGGGC-1	1	30	22	5020	3115
CCGCTCTTCCGAACTA-1	1	63	99	9499	9098
CCGGAATGGTTTCAGT-1	1	24	32	4209	3895
CCGGCGCATATTGGAT-1	1	14	56	2859	5765
CCGGGACCCGCAGAGA-1	1	16	52	3129	5453
CCGGGCGGTCTCGTCA-1	1	32	76	5298	7316
CCGGGCTGCTCCATAC-1	1	36	86	5841	8093
CCGTAAGTTGGTCCCA-1	1	33	77	5434	7394
CCGTACCCAAGCGCCA-1	1	12	34	2585	4053
CCGTAGGAAATCCCTG-1	1	60	96	9092	8866
CCGTAGGGTTGTTTAC-1	1	60	104	9093	9488
CCGTGCCCATGACGGC-1	1	12	48	2587	5143
CCGTTACGTTAGAACA-1	1	20	88	3675	8253
CCTAAAGGCTGACGCT-1	1	14	82	2862	7788
CCTAAATTAACGGTTC-1	1	42	68	6651	6691
CCTAACCCAAACAAGT-1	1	49	89	7602	8324
CCTAACTAAGGCTCTA-1	1	21	93	3811	8642
CCTACGGCTCAGTCGA-1	1	16	32	3126	3897
CCTACTCAACACGATT-1	1	63	119	9501	10654
CCTAGGCGTAGCGATC-1	1	36	88	5842	8249
CCTAGTTAGTCGCATG-1	1	12	72	2590	7010
CCTATAATGAGTGCCC-1	1	55	81	8413	7700
CCTATCTATATCGGAA-1	1	19	77	3538	7397
CCTATGGGTTACCGTC-1	1	29	69	4891	6772
CCTATGTCCACTCCAC-1	1	62	92	9362	8554
CCTCACCAATCTTGAC-1	1	17	35	3262	4130
CCTCACCTGAGGGAGC-1	1	28	102	4760	9340
CCTCACCTTAGCATCG-1	1	27	97	4624	8952
CCTCCCGACAATCCCT-1	1	9	63	2183	6311
CCTCCTGTTGTGTCGT-1	1	62	96	9363	8865
CCTCGAAGTGGACGGG-1	1	15	71	2996	6932
CCTCGCCAGCAAATTA-1	1	18	74	3403	7164
CCTCGCGCGATATAGG-1	1	21	95	3812	8797
CCTCGGACCGGGATAG-1	1	41	85	6518	8014
CCTCTAATCTGCCAAG-1	1	23	73	4079	7085
CCTCTGGCCTAGACGG-1	1	15	75	2997	7243
CCTGAACGATATATTC-1	1	37	85	5977	8015
CCTGAATATTTACATA-1	1	23	71	4079	6930
CCTGACAAACTCGCGC-1	1	19	3	3528	1640
CCTGTCACCCGGGCTC-1	1	29	67	4891	6617
CCTGTTTGAAGACACG-1	1	58	94	8821	8710
CCTTCTTGATCCAGTG-1	1	19	73	3538	7086
CCTTGACCACTTTATT-1	1	55	109	8417	9878
CCTTTCAATGAAGAAA-1	1	25	95	4353	8796
CGAAACATAGATGGCA-1	1	11	77	2455	7399
CGAACAGTATGGGCGT-1	1	50	96	7738	8868
CGAACGCCCAGTGCCG-1	1	14	70	2861	6854
CGACAATTTGATCTAA-1	1	43	95	6790	8792
CGACACGCTCCGACAG-1	1	46	94	7196	8713
CGACATGCGATCTTCT-1	1	8	64	2047	6389
CGAGAGATGTGAACCT-1	1	29	73	4892	7084
CGAGAGCTTTCACTAC-1	1	64	88	9632	8242
CGAGAGGGTAGCCGCG-1	1	56	104	8552	9489
CGAGCACTTCAAGTTT-1	1	23	25	4073	3350
CGAGCGTTGATCAGCC-1	1	12	46	2586	4987
CGAGCTGGGCTTTAGG-1	1	17	67	3266	6620
CGAGGCCAGGCATTGG-1	1	14	22	2854	3119
CGAGGCTAAATATGGC-1	1	29	71	4891	6928
CGAGGGACTGCGGTCG-1	1	38	78	6111	7470
CGAGTTCTGTCCCACC-1	1	27	85	4623	8018
CGAGTTTATCGGACTG-1	1	37	93	5978	8638
CGATAGTCGTACTGCA-1	1	66	88	9903	8242
CGATGGACCCTACGCC-1	1	22	96	3947	8875
CGCAATCGATCATTAG-1	1	24	0	4204	1405
CGCAATTACTTTCGGT-1	1	23	33	4074	3973
CGCACATGTCCACTAC-1	1	39	87	6248	8171
CGCACGTGCGCTATCA-1	1	39	99	6249	9104
CGCAGGCGATCCAAAC-1	1	52	102	8010	9334
CGCATGCCGAATGCGT-1	1	67	89	10039	8319
CGCCCAGCGTTTCACG-1	1	65	89	9768	8320
CGCCCGCTTCCGTACA-1	1	18	80	3403	7631
CGCCCTTGAAGGCTGA-1	1	24	20	4207	2961
CGCCGCCCATGCCTGT-1	1	39	83	6247	7859
CGCCGTTCAGCATAGT-1	1	58	104	8822	9489
CGCCTCCCTCCTCTAT-1	1	43	73	6787	7080
CGCGAAGTGGCATACT-1	1	64	96	9634	8865
CGCGACACTGCGCAGC-1	1	24	12	4206	2339
CGCGACCGCGACAGAT-1	1	59	81	8954	7699
CGCGCCCGACTTAATA-1	1	21	75	3809	7241
CGCGGCAGTATTACGG-1	1	12	16	2582	2653
CGCGGCTCAACTTGAA-1	1	43	97	6791	8948
CGCGGGAATTAGGCAG-1	1	28	80	4757	7629
CGCGGGAATTCCTTTC-1	1	72	84	10715	7929
CGCGGTACGGTATACA-1	1	62	118	9366	10577
CGCTAGAGACCGCTGC-1	1	39	101	6250	9260
CGCTATACCGCCCACT-1	1	14	36	2856	4208
CGCTATTCAATGTATG-1	1	19	31	3532	3818
CGCTCGACATAATGAT-1	1	21	45	3805	4907
CGCTGGTGACTACCCT-1	1	48	98	7468	9024
CGCTTCCACTGAAATC-1	1	18	42	3398	4674
CGCTTCGGTCTAAGAC-1	1	66	104	9905	9487
CGCTTGGACGGATAGA-1	1	63	117	9501	10499
CGCTTTCATACCGGTG-1	1	14	50	2858	5298
CGCTTTCCGCCAAGGT-1	1	73	77	10849	7384
CGCTTTCTTGCATTCG-1	1	31	85	5164	8017
CGGAAAGCAAATGTGC-1	1	18	6	3393	1873
CGGAGCATGGCGATCC-1	1	39	67	6245	6614
CGGATAAGCGGACATG-1	1	19	17	3530	2729
CGGATCCTCAAGGACT-1	1	60	80	9090	7621
CGGCAAACATCGTGCG-1	1	52	66	8005	6533
CGGCAATAAGATCGCC-1	1	54	108	8281	9801
CGGCACTCAAGAAAGT-1	1	12	28	2584	3587
CGGCAGGGTCGGGTTG-1	1	32	94	5301	8717
CGGCGCCATCAATCCC-1	1	59	93	8956	8632
CGGGAATATAGTATAC-1	1	47	105	7333	9569
CGGGAGCTTCAGTGTA-1	1	49	91	7602	8479
CGGGAGTATACCGCCG-1	1	19	15	3530	2573
CGGGCCATAGCCGCAC-1	1	14	18	2853	2808
CGGGCGATGGATCACG-1	1	69	75	10307	7229
CGGGTGTACCCATTTA-1	1	32	86	5300	8094
CGGTACTAGAATCAAA-1	1	43	83	6789	7858
CGGTAGAGGTGCAGGT-1	1	22	92	3947	8564
CGGTCTATCAACCCGT-1	1	18	82	3404	7787
CGGTGTACTTGATCCC-1	1	17	31	3261	3819
CGGTTATCCAACAGTG-1	1	30	98	5031	9029
CGGTTCAAGTAGGTGT-1	1	24	98	4218	9030
CGTAAACGCTTGAGTG-1	1	11	23	2448	3198
CGTAATAATTACGAGT-1	1	14	6	2851	1874
CGTACCTGATAGGCCT-1	1	22	68	3943	6696
CGTAGAGAGTAATTAT-1	1	67	87	10038	8164
CGTAGCGAATTGTCAG-1	1	13	71	2725	6932
CGTATCTAGAACTAAG-1	1	66	120	9908	10732
CGTCAATCTTTAACAT-1	1	11	9	2446	2108
CGTCAGCTATTTACTC-1	1	17	11	3258	2263
CGTCATACCATATCCA-1	1	20	20	3666	2962
CGTCCAGATGGCTCCA-1	1	12	0	2580	1408
CGTCGCATGTGAGCCA-1	1	65	77	9766	7386
CGTCGCGGCGGGATTT-1	1	12	14	2582	2497
CGTCGGATAGTGTTGA-1	1	34	96	5572	8872
CGTCTGGAAGGGCCCG-1	1	16	62	3130	6231
CGTGACATTGGGTCGT-1	1	15	83	2998	7865
CGTGCAGACTGGGACA-1	1	40	74	6381	7159
CGTGCCCTCCCGAAGA-1	1	43	77	6788	7391
CGTGGCCGAATATCTA-1	1	47	101	7333	9258
CGTGTATGGGAGCTGA-1	1	65	111	9771	10031
CGTTAAACTAGTTAGG-1	1	49	111	7605	10035
CGTTAATGTCCCGACG-1	1	59	87	8955	8166
CGTTAGCTCACAACTG-1	1	14	90	2863	8410
CGTTGAATACCGCGCT-1	1	57	77	8683	7388
CGTTGAGCGACCGTCG-1	1	44	74	6923	7158
CGTTGTAAACGTCAGG-1	1	21	13	3800	2417
CGTTTAAGCGGAGCAC-1	1	13	59	2724	5998
CGTTTCACTTCGGGCG-1	1	18	92	3405	8565
CGTTTGGTGTTGTGGG-1	1	62	120	9366	10733
CTAACGAAACTTGCTG-1	1	30	94	5030	8717
CTAACTGATAATCGCC-1	1	58	102	8822	9333
CTAAGGGAATGATTGG-1	1	44	72	6922	7002
CTAATTTCAACAACAC-1	1	21	27	3802	3506
CTACACTCGCAGATGG-1	1	57	101	8687	9255
CTACCCTAAGGTCATA-1	1	31	91	5165	8484
CTACGCCATTTCCGAT-1	1	12	80	2591	7633
CTACTATCTTTCAGAG-1	1	29	93	4895	8640
CTAGATGTGAGTGTAA-1	1	33	103	5438	9417
CTAGATTTACGACGGC-1	1	42	74	6652	7158
CTAGCATAGTATAATG-1	1	34	66	5568	6538
CTAGGCGCCCTATCAG-1	1	51	91	7873	8479
CTAGGTCTGAAGGAAT-1	1	36	104	5844	9494
CTAGTAGAAAGGGATT-1	1	63	81	9496	7698
CTAGTATTCGGAATTA-1	1	14	80	2862	7632
CTAGTCACGTCTTAAG-1	1	37	69	5974	6770
CTAGTTGGGCCCGGTA-1	1	26	68	4485	6695
CTATAAGAGCCAATCG-1	1	26	100	4489	9185
CTATCACAACGCTGGA-1	1	74	78	10985	7462
CTATCGACGAAATACA-1	1	53	93	8144	8634
CTATCGGGTCTCAACA-1	1	35	69	5703	6771
CTATGGGAAGCGGAAT-1	1	54	104	8281	9490
CTATGTCACTAGCCCA-1	1	30	66	5026	6539
CTATGTCTATTGAAAC-1	1	11	55	2452	5688
CTATTCATGTGTCCCA-1	1	52	62	8004	6222
CTATTTGGTTACGGAT-1	1	36	82	5841	7782
CTCAACTAACCCGGAT-1	1	63	85	9497	8009
CTCACTGTGATACTTA-1	1	63	75	9495	7231
CTCAGGACTCACCTGT-1	1	16	30	3126	3741
CTCAGTCACGACAAAT-1	1	24	96	4218	8874
CTCATGGCTCACAATC-1	1	13	63	2724	6310
CTCATTGCTCTAACAA-1	1	60	78	9089	7465
CTCATTTGATGGGCGG-1	1	22	62	3942	6230
CTCCGGCCTAATATGC-1	1	19	59	3536	5997
CTCCGGCTTGTAGACA-1	1	15	19	2989	2885
CTCCTAAGTTATGTCT-1	1	12	30	2584	3742
CTCGAGATCCAAAGCA-1	1	11	13	2446	2420
CTCGATATTTGCGAGC-1	1	23	99	4083	9108
CTCGCACCTATATAGT-1	1	24	68	4214	6696
CTCGGTACCACTGCTC-1	1	41	81	6517	7703
CTCGGTCCGTAGCCTG-1	1	18	50	3399	5297
CTCGTCTGTGCCTTCG-1	1	70	82	10444	7774
CTCTAGCCCTCGGAAA-1	1	66	90	9903	8397
CTCTATTTGGCTGCAG-1	1	48	68	7463	6690
CTCTCACAATCGATGA-1	1	32	70	5297	6850
CTCTGGACGCCTGGTG-1	1	32	62	5296	6227
CTCTGTTTGAGGATTC-1	1	14	72	2861	7010
CTCTTCTATTGACTGG-1	1	46	100	7197	9180
CTGAAAGAGATCCGAC-1	1	19	69	3537	6775
CTGACTGCGCAGCTCG-1	1	31	101	5166	9262
CTGAGCAAGTAACAAG-1	1	15	25	2990	3352
CTGCAAGCACGTTCCG-1	1	61	111	9229	10032
CTGCACCTGGAACCGC-1	1	15	49	2993	5220
CTGCAGAGAATCAGAG-1	1	61	101	9228	9254
CTGCCTTTCTAGTAAA-1	1	63	93	9498	8631
CTGCGACCTCGCCGAA-1	1	71	73	10578	7073
CTGCGGGTGAAATGTT-1	1	31	23	5155	3193
CTGCGTTACGATATAA-1	1	16	90	3134	8410
CTGGAAGACACGGTGG-1	1	50	88	7737	8246
CTGGCGACATAAGTCC-1	1	17	81	3268	7709
CTGGCGCACAGGTCTG-1	1	37	89	5977	8327
CTGGCGGGAATAAGTA-1	1	20	22	3666	3118
CTGGCTGATTCATCCT-1	1	44	96	6926	8870
CTGGGATAAATAATGG-1	1	38	84	6112	7937
CTGGGTAGGCAGTTAA-1	1	43	79	6788	7547
CTGGTAAAGTGTGGGC-1	1	60	114	9095	10266
CTGGTAACACATAGAA-1	1	42	88	6654	8248
CTGGTAACGAGCTCTT-1	1	29	97	4895	8951
CTGGTCATTCCAATCC-1	1	23	15	4071	2572
CTGGTCCTAACTTGGC-1	1	7	65	1912	6467
CTGGTTTCGAGCAAGA-1	1	46	88	7195	8247
CTGTATGGTGTAGAAA-1	1	20	32	3667	3896
CTGTGCAGGGTAGGTC-1	1	42	70	6651	6847
CTGTGGTCGGGAGATA-1	1	55	89	8414	8322
CTGTTCACTGCCTGTG-1	1	22	56	3942	5763
CTGTTCATCTCACGGG-1	1	22	34	3938	4051
CTGTTGGCTCTTCTGA-1	1	20	2	3663	1562
CTTAAATAAGACCCAT-1	1	25	9	4341	2105
CTTAACTTCGAAGTAC-1	1	11	63	2453	6310
CTTACACTGGGAAATA-1	1	16	48	3128	5142
CTTACATAGATTTCTT-1	1	74	82	10985	7773
CTTAGTAGGCCTACAG-1	1	32	102	5302	9339
CTTAGTGTAGTAGCAT-1	1	61	83	9226	7854
CTTATAGATGGCTGTT-1	1	61	119	9231	10655
CTTATGTTGACTACCA-1	1	13	27	2719	3508
CTTCAACTCCACTTGG-1	1	59	77	8954	7387
CTTCATAGCTCAAGAA-1	1	19	37	3533	4285
CTTCGATTGCGCAAGC-1	1	68	88	10174	8241
CTTCGGCCAATTGTTT-1	1	50	110	7740	9957
CTTCTTACGTCGTATA-1	1	14	60	2859	6076
CTTGAGGTTATCCCGA-1	1	12	24	2583	3275
CTTGAGTTAGGGTAAT-1	1	39	93	6248	8637
CTTGTACTTGTTGACT-1	1	21	51	3806	5374
CTTGTCAACATTCGAG-1	1	50	66	7734	6534
CTTGTGCTCACCGATT-1	1	22	94	3947	8719
CTTGTTGCTGAGTCAA-1	1	38	80	6111	7626
CTTGTTTATGTAGCCA-1	1	18	28	3396	3585
CTTTAACTTTCAAAGG-1	1	23	67	4079	6618
CTTTAGGAACACTGTT-1	1	41	87	6518	8170
CTTTAGTGCTATTATT-1	1	44	64	6921	6380
CTTTGCATCGCTCTTG-1	1	60	94	9092	8710
GAAACAGATGACCACC-1	1	40	92	6384	8559
GAAACAGCCATGCAGT-1	1	13	61	2724	6154
GAAACTCTAATGAAGG-1	1	13	73	2726	7088
GAAAGAACAGCGTTAT-1	1	37	103	5979	9416
GAAAGTGACTAACTGC-1	1	25	31	4344	3817
GAAATACTAAACGTTT-1	1	18	22	3395	3118
GAAATCGCGCGCAACT-1	1	18	68	3402	6697
GAAATCTGACCAAGTT-1	1	18	2	3392	1562
GAAATGGGATGTAAAC-1	1	13	17	2718	2730
GAAATTAGCACGGATA-1	1	18	96	3406	8876
GAAATTCACATCGCTG-1	1	13	49	2722	5220
GAACAACTGGGATGAA-1	1	67	85	10038	8008
GAACACACATCAACCA-1	1	22	50	3941	5296
GAACCTTTAACGATCC-1	1	63	79	9496	7542
GAACGACCGAATGATA-1	1	19	63	3536	6308
GAACGCGGGTCACACG-1	1	48	114	7470	10269
GAACGTCTCATGGTCG-1	1	31	87	5164	8172
GAAGAACGGTGCAGGT-1	1	14	40	2856	4520
GAAGCCGGGTAAGCTC-1	1	23	3	4069	1639
GAAGCTCTTTGCTTAG-1	1	14	4	2851	1719
GAAGGGTCATTAAGAC-1	1	73	81	10850	7695
GAAGTCTCCCTAGCGA-1	1	37	91	5977	8482
GAAGTGCTGGATAGCT-1	1	15	61	2995	6153
GAATAGACGCGACCCA-1	1	42	92	6654	8559
GAATATTCGGAGTCCC-1	1	13	83	2727	7866
GAATCGCCGGACACGG-1	1	11	41	2450	4598
GAATCTGAACATTCTC-1	1	42	64	6650	6380
GAATGCCGAAATGACC-1	1	21	17	3801	2728
GAATGTATGGCAGGTC-1	1	15	91	2999	8488
GAATGTGGTCCGGATT-1	1	43	81	6788	7703
GAATGTTGGGTAATCT-1	1	23	69	4079	6774
GAATTATAGTGAAAGG-1	1	34	68	5568	6693
GACAAACATATGCAGG-1	1	44	100	6926	9181
GACAACGCAGCTTACG-1	1	20	54	3671	5608
GACACAAGGGAAGAAA-1	1	30	72	5027	7006
GACACGAGTTAGAGGA-1	1	19	25	3531	3351
GACACTGGAACCCGAT-1	1	52	110	8011	9957
GACAGCCAGACCTGAC-1	1	42	86	6654	8092
GACATACTGTCGCAGA-1	1	21	9	3800	2106
GACCAAACGTTGACTG-1	1	58	108	8823	9800
GACCACACTTCCCTTT-1	1	70	80	10444	7618
GACCGCGTCTGACGTG-1	1	50	112	7740	10113
GACCGTCAGGTCGTGA-1	1	13	81	2727	7710
GACGAGGCTAATAAAC-1	1	56	100	8551	9178
GACGGTCAATAGAAGC-1	1	30	100	5031	9184
GACTAGGCCGTTAGGT-1	1	66	78	9902	7464
GACTCGCGGGAATGAC-1	1	28	96	4760	8874
GACTGCACCAGCCCAG-1	1	46	80	7194	7624
GACTGCGGCACGTGTA-1	1	27	15	4613	2571
GAGAGGCCTATGTGTA-1	1	66	118	9907	10576
GAGATCTGTCACTCCG-1	1	30	74	5027	7161
GAGATGGCTTTAATCA-1	1	70	76	10443	7307
GAGCACCTGTGTCCAG-1	1	58	80	8819	7621
GAGCATCATCCCTGGG-1	1	12	40	2585	4520
GAGCCAGCTACCTGTG-1	1	53	89	8143	8323
GAGCGAGGGAGTACCG-1	1	14	58	2859	5920
GAGCGCAAATACTCCG-1	1	51	107	7875	9724
GAGCGCGCACGAGTAG-1	1	49	93	7602	8635
GAGCTAAGGGCATATC-1	1	29	83	4893	7862
GAGCTCTCGGACCTAA-1	1	15	33	2991	3975
GAGGAGATCCTCATGC-1	1	12	8	2581	2030
GAGGCCTGTTGATACA-1	1	63	107	9500	9721
GAGGGCGCAGCTCTGC-1	1	27	89	4623	8329
GAGGTACATCCATCTT-1	1	12	68	2589	6699
GAGGTCCCAAAGATCT-1	1	18	26	3396	3429
GAGTACGGGTATACAA-1	1	15	43	2992	4753
GAGTGTCAACCAGAAA-1	1	63	83	9496	7853
GAGTGTGCGGTACCCA-1	1	44	88	6925	8247
GATAAATCGGTGGATG-1	1	15	41	2992	4597
GATAACTCGCACTGTG-1	1	39	89	6248	8326
GATAGCGTACCACGCG-1	1	12	2	2580	1563
GATATCTCATGCAATA-1	1	12	58	2588	5921
GATATGAGACACTAAC-1	1	39	81	6247	7704
GATATGCGGTAGCCAA-1	1	19	91	3540	8487
GATATGGATTACGCGG-1	1	28	18	4749	2804
GATATTGAGATTGGCG-1	1	34	100	5572	9183
GATATTTCCTACATGG-1	1	17	89	3269	8332
GATCCGGGAATTAACA-1	1	39	73	6246	7081
GATCCTAAATCGGGAC-1	1	27	95	4624	8796
GATCGCTACCCGATTT-1	1	50	98	7738	9024
GATCGGCGATAAGTCG-1	1	20	14	3665	2495
GATCGGTGGCCATAAC-1	1	28	68	4756	6695
GATCGTGACTGATATC-1	1	38	72	6110	7004
GATCTTCATTGTCCTC-1	1	19	9	3529	2106
GATCTTGGAGGGCATA-1	1	44	70	6922	6847
GATGAGGAACCTTCGG-1	1	67	81	10038	7697
GATGCCAGCAGAAGGC-1	1	23	17	4071	2728
GATGCGAATGGTATTA-1	1	26	10	4477	2182
GATGCTACAAGCGCCT-1	1	17	51	3264	5375
GATGCTGTATTTCATC-1	1	43	75	6787	7236
GATGGCGCACACATTA-1	1	19	29	3532	3663
GATGGTGCCCTAGGCA-1	1	10	78	2320	7477
GATGTCGGTCAACTGC-1	1	9	73	2184	7089
GATGTTTGTGCGAGAT-1	1	20	30	3667	3740
GATTAACCGAAAGCCC-1	1	55	93	8415	8633
GATTCCGCGTTTCCGT-1	1	16	76	3132	7320
GATTCCTATACGGCGC-1	1	25	23	4343	3194
GATTCGACGGTTCACG-1	1	41	71	6516	6925
GATTGGGAAAGGTTGT-1	1	66	80	9902	7619
GCAACCACCAGACCGG-1	1	14	92	2864	8566
GCACAAGTGGATCATA-1	1	16	6	3122	1874
GCACAAGTGTCGGAAG-1	1	10	64	2318	6388
GCACACACTGGTAGCC-1	1	56	94	8550	8711
GCACGCCGATTCCCGC-1	1	72	76	10714	7306
GCACGTGGTTTACTTA-1	1	64	106	9635	9643
GCACTAGTCGCGCTAT-1	1	13	43	2721	4753
GCAGACCCAGCACGTA-1	1	39	103	6250	9415
GCAGATCCATAAGACT-1	1	51	85	7872	8012
GCAGATCCTCGCAAAT-1	1	23	13	4071	2417
GCAGCTGTCAACGCAT-1	1	71	87	10580	8163
GCAGGTAGAGTATGGT-1	1	18	94	3405	8720
GCAGTGTGGCTATAGG-1	1	59	83	8955	7854
GCATCCCTAACTTTGA-1	1	16	42	3127	4675
GCATCGGCCGTGTAGG-1	1	49	103	7604	9413
GCATGAGGGACGCGGC-1	1	30	90	5030	8406
GCATGCTAATAACGAT-1	1	67	95	10040	8786
GCCACTCAGAGCGCGA-1	1	59	95	8956	8788
GCCCACCAAGGCTGTC-1	1	12	38	2585	4365
GCCCAGTTGGTATGCC-1	1	22	38	3939	4362
GCCCGCGCGTTTGACA-1	1	20	40	3669	4518
GCCCTGAGGATGGGCT-1	1	68	74	10172	7152
GCCTACGTTCTGTGCA-1	1	68	82	10173	7774
GCCTAGCGATCTGACC-1	1	20	42	3669	4674
GCCTATAGTGTCAGGG-1	1	29	91	4894	8484
GCCTATTCCGATATAG-1	1	24	30	4209	3739
GCCTCATCTGGAAATA-1	1	41	95	6519	8792
GCCTCCGACAATTCAC-1	1	60	98	9092	9021
GCCTTCAGCCCTACCG-1	1	16	50	3128	5297
GCCTTGTATATGCAGT-1	1	17	15	3259	2574
GCGAAACGATCGGGAG-1	1	54	100	8280	9178
GCGAAACTTAACTGGA-1	1	44	82	6924	7780
GCGAAGAATCTGACGG-1	1	66	84	9903	7930
GCGAGAAACGGGAGTT-1	1	13	13	2717	2419
GCGAGTTCTGCAAAGA-1	1	35	63	5703	6304
GCGATGTCTGTGCTTG-1	1	18	0	3392	1406
GCGATTCTGGAAGCAG-1	1	10	74	2320	7166
GCGATTGTTAACGTTA-1	1	37	77	5975	7393
GCGCAAGAGCGCGCTG-1	1	40	100	6385	9182
GCGCATCCAGTCAGCA-1	1	29	95	4895	8795
GCGCCGTTCCACGATA-1	1	41	65	6515	6458
GCGCCTCCCACTCCGA-1	1	48	110	7469	9958
GCGCGTCATTGGTACA-1	1	57	83	8684	7855
GCGCTAATTGAATAGA-1	1	34	70	5568	6849
GCGCTGATCCAGACTC-1	1	17	87	3269	8176
GCGCTGCTTTGCATTT-1	1	28	94	4759	8718
GCGCTTAAATAATTGG-1	1	57	89	8685	8322
GCGGAGAGGGAGAACG-1	1	46	78	7194	7469
GCGGCTTTAGCAAGTT-1	1	70	78	10443	7463
GCGGGAACCAGGCCCT-1	1	18	48	3399	5141
GCGGTCCCTAGACGCA-1	1	13	45	2722	4909
GCGGTCTTGCTTTCAC-1	1	72	82	10715	7773
GCGGTGAACTGCGCTC-1	1	20	94	3676	8720
GCGGTGCGGAGCATCG-1	1	19	5	3528	1795
GCGTAAATGGCCATAA-1	1	34	102	5573	9339
GCGTCGAAATGTCGGT-1	1	17	65	3266	6464
GCGTGGTACTGGGTTA-1	1	35	95	5707	8794
GCTAAACCTGAGGTGA-1	1	23	23	4072	3195
GCTAACTGAAGTCTGA-1	1	58	88	8820	8244
GCTAAGTAGTTTCTCT-1	1	34	80	5570	7627
GCTAATACCGAATGCC-1	1	21	47	3805	5063
GCTACAATCGAGGATA-1	1	62	104	9364	9488
GCTACGACTTATTGGG-1	1	43	69	6787	6769
GCTACTATAGTAGAGT-1	1	50	94	7738	8712
GCTAGACCGTCTACTG-1	1	42	104	6656	9493
GCTAGAGTAGAGATGT-1	1	56	96	8550	8867
GCTAGGCACCACGGAG-1	1	54	84	8278	7933
GCTAGTTTCATTGAGG-1	1	17	37	3262	4286
GCTATACGTCTCGGAC-1	1	52	88	8008	8245
GCTATCGCGGCGCAAC-1	1	20	24	3666	3273
GCTCAACCTCTTAGAG-1	1	17	9	3258	2107
GCTCATTACTGCATGT-1	1	13	93	2728	8644
GCTCGCGGTTCCGCTC-1	1	25	13	4342	2416
GCTCGCTCATGTCCAA-1	1	41	99	6520	9104
GCTGAGCAACGGTTCT-1	1	19	7	3528	1951
GCTGCACGGTTTCTTA-1	1	41	73	6516	7081
GCTGCGCCTCCCACGT-1	1	21	1	3798	1483
GCTGCTCTCCGGACAC-1	1	31	63	5161	6305
GCTGTTGCTACCGAAC-1	1	39	95	6249	8793
GCTTAATGTAACTAAC-1	1	42	84	6653	7936
GCTTATGAAGCAGGAA-1	1	35	89	5706	8327
GCTTCCGTCCCTAGAC-1	1	29	77	4892	7395
GCTTGATGATAATCAG-1	1	22	36	3939	4206
GCTTGGATCGATTAGG-1	1	31	97	5166	8951
GCTTTCAGAGGAGGTG-1	1	33	95	5436	8794
GGAAACTAAATGGGCC-1	1	60	102	9093	9332
GGAAAGTGCCCATGCC-1	1	20	90	3676	8409
GGAACCCGAACAAGAA-1	1	23	9	4070	2105
GGAACGGCCTGCAGCC-1	1	25	15	4342	2572
GGAACTTTGGCGATTA-1	1	60	110	9094	9955
GGAAGCTCGCTTACAG-1	1	11	83	2456	7866
GGAAGGACACCGTATA-1	1	73	83	10850	7851
GGAATAACCTCAAGAA-1	1	6	60	1776	6078
GGAATGCGCTAGCGTG-1	1	32	82	5299	7783
GGACCAACAGGATAAC-1	1	51	67	7869	6611
GGACTCTTTGACTAAG-1	1	71	83	10579	7851
GGAGACGACACCTTTG-1	1	43	67	6786	6613
GGAGCAACATTTCAAG-1	1	57	103	8687	9411
GGAGGGCTTGGTTGGC-1	1	32	78	5299	7472
GGAGGGTCAAGTAAGA-1	1	62	114	9365	10266
GGAGTACACATGAGCT-1	1	14	2	2851	1563
GGAGTGCCGCCCTGGA-1	1	19	53	3535	5530
GGATACTCATGAATTG-1	1	9	45	2180	4910
GGATCCGGAATATACT-1	1	34	82	5570	7783
GGATGAAGATCGCTGA-1	1	42	94	6655	8714
GGATGTCCTTACCGCA-1	1	35	91	5707	8483
GGATTAATCATGGACC-1	1	71	75	10578	7229
GGATTCAGTACGGTGG-1	1	19	33	3532	3974
GGATTCCGCTATACCC-1	1	19	81	3539	7709
GGATTGCTGTGACTCC-1	1	60	84	9090	7932
GGATTTCACTTCTATA-1	1	31	83	5164	7861
GGCAAGGCGAAATAGC-1	1	45	69	7057	6768
GGCAATAGTCAATGAG-1	1	30	70	5027	6850
GGCAGCAAACCTATGC-1	1	51	103	7874	9412
GGCATATCGGTTCTGC-1	1	17	83	3269	7865
GGCCACACGAAAGCCT-1	1	22	2	3934	1561
GGCCCAGCTGGTTTGC-1	1	70	74	10443	7151
GGCCGGCGTCTGCTAT-1	1	65	79	9766	7542
GGCCTGCTTCTCCCGA-1	1	59	113	8959	10189
GGCGAAATCTAACTTG-1	1	43	87	6789	8170
GGCGCGGAGATCTTTC-1	1	58	86	8820	8088
GGCGCTCCTCATCAAT-1	1	17	19	3259	2885
GGCGGTAGGATCATTG-1	1	31	69	5162	6772
GGCGGTTTGCCGGTGC-1	1	15	11	2988	2263
GGCGTAGGGAAAGCTG-1	1	64	82	9632	7775
GGCTCGCGTTGAGGTA-1	1	31	93	5165	8639
GGCTCGTGCCACCAGC-1	1	20	38	3668	4363
GGCTCTGCTCCAACGC-1	1	26	72	4485	7007
GGCTTGGCTCTCACCT-1	1	24	2	4205	1561
GGGAAGACGGTCTGTC-1	1	64	76	9631	7308
GGGAAGGGCTTTCTCA-1	1	63	87	9497	8165
GGGAGAACTCACAGTA-1	1	32	64	5297	6383
GGGAGCGACCGTAGTG-1	1	68	86	10174	8086
GGGAGTTAATGAGGCG-1	1	33	75	5434	7238
GGGATACGGTAATAAT-1	1	21	7	3799	1950
GGGATTTACCGCACCT-1	1	42	90	6654	8403
GGGCAGTCAACGCCAA-1	1	69	79	10308	7541
GGGCCGGCCGAAGTAC-1	1	36	84	5841	7938
GGGCGAATTTCTCCAC-1	1	17	7	3258	1951
GGGCGGTCCTATTGTC-1	1	14	28	2855	3586
GGGCGTCCACTGGCTC-1	1	16	84	3133	7943
GGGCGTGGTTTCCCAG-1	1	61	81	9225	7698
GGGCTCATCGAACCCA-1	1	25	89	4352	8330
GGGCTGCCTAGGGCGA-1	1	33	69	5433	6771
GGGTACCCACGGTCCT-1	1	14	26	2854	3430
GGGTCATGCGTACCAT-1	1	22	14	3936	2495
GGGTCTATCGCTTTCC-1	1	63	113	9501	10188
GGGTGTTTCAGCTATG-1	1	16	68	3131	6698
GGGTTCAGACGAACAA-1	1	19	19	3530	2884
GGTAAACTCTGCGCTG-1	1	66	114	9907	10265
GGTAAATGTGCGTTAC-1	1	11	81	2456	7711
GGTAACTATGTATCTG-1	1	12	44	2586	4831
GGTACGTTGCGGCCGG-1	1	66	112	9907	10109
GGTAGTGCTCGCACCA-1	1	34	72	5569	7005
GGTCAAGACTACTTCG-1	1	53	105	8146	9568
GGTCAGTGGGTCCCAC-1	1	48	62	7463	6223
GGTCCTTCATACGACT-1	1	13	9	2716	2108
GGTCGGATAAACGGCG-1	1	23	97	4083	8953
GGTCGGCCAGGAGCTT-1	1	32	84	5299	7939
GGTCGGTAATTAGACA-1	1	12	36	2585	4209
GGTCTCCGTCCAGGTT-1	1	63	101	9499	9254
GGTCTGAGAATCTGGA-1	1	30	80	5028	7628
GGTGAGATGCAGATAA-1	1	16	36	3126	4208
GGTGATAAGGAGCAGT-1	1	37	79	5976	7549
GGTGCGGATAAGTGGC-1	1	16	46	3128	4986
GGTGCTGATCACAAAG-1	1	27	21	4614	3038
GGTGGACTGCTCTGGC-1	1	55	85	8413	8011
GGTTAGCTATATGTCT-1	1	47	87	7331	8169
GGTTAGTTACGGCGCC-1	1	27	23	4614	3194
GGTTCTACTCGTCTGA-1	1	39	105	6250	9571
GGTTGTGCTCTTGTCC-1	1	24	10	4206	2183
GGTTTACAATCTCAAT-1	1	25	73	4350	7085
GGTTTAGCCTTTCTTG-1	1	46	102	7197	9336
GGTTTCAATCGGTCAG-1	1	33	91	5436	8483
GGTTTGAGTGCTGGAA-1	1	12	42	2586	4676
GGTTTGTGACCTGAGG-1	1	61	105	9229	9566
GTAACATCTAAGATAA-1	1	56	110	8552	9956
GTAAGGATTTGTCGGA-1	1	10	68	2319	6699
GTAAGTAACAGTCTGG-1	1	40	82	6382	7781
GTAATAAAGGGCTCCC-1	1	31	103	5167	9417
GTACACTTACCTGAAG-1	1	36	64	5838	6382
GTACAGAGGCAAGGGT-1	1	37	83	5976	7860
GTACGACGGCGCTGCG-1	1	12	26	2583	3431
GTACGAGATTGCGACA-1	1	21	57	3806	5841
GTACGTTTGCCCGTCA-1	1	44	68	6922	6691
GTACTGAGGTCGTAAC-1	1	11	47	2451	5065
GTACTGCATGAAGCGT-1	1	11	39	2450	4443
GTACTGGAGTTAGACC-1	1	33	81	5434	7705
GTACTTGGGCACTTCT-1	1	17	33	3261	3974
GTAGAAACGGGTGGAG-1	1	24	16	4207	2650
GTAGACGTCGTTACAT-1	1	13	39	2721	4442
GTAGCCAAACATGGGA-1	1	50	70	7734	6845
GTAGCGGCTATACACT-1	1	39	69	6245	6770
GTAGCTTCCTCTTGTT-1	1	31	89	5165	8328
GTAGGTGATCCGTGTA-1	1	17	79	3268	7553
GTAGTCTACGATATTG-1	1	63	77	9495	7387
GTATAATCTCCCGGAT-1	1	14	12	2852	2341
GTATAGGACTCAGTAG-1	1	20	58	3671	5919
GTATCAAACGTTAGCT-1	1	55	97	8415	8945
GTATCAGCTTGGGTTC-1	1	20	34	3668	4051
GTATCCTTTGGTAACC-1	1	64	92	9633	8553
GTATCTTTCATAACCA-1	1	46	66	7192	6535
GTATGTGGGTCTAGTT-1	1	38	92	6113	8560
GTATTAAGGCGTCTAA-1	1	20	26	3667	3429
GTCAAAGTTTACATAG-1	1	13	29	2719	3664
GTCAACCAGGCCTATA-1	1	65	103	9770	9409
GTCAAGCGGACTCGGG-1	1	39	77	6246	7392
GTCACTCTCCAAATCT-1	1	23	31	4073	3817
GTCAGTTGTGCTCGTT-1	1	9	71	2184	6933
GTCATCTCCTACAGCT-1	1	12	12	2581	2342
GTCATGCGCGAGGGCT-1	1	64	98	9634	9020
GTCATTAGAGCGAACG-1	1	37	67	5974	6615
GTCCACGTCGCATTCG-1	1	64	118	9637	10576
GTCCCAACGTAAAGTA-1	1	33	73	5433	7083
GTCCCGCGACGTTATG-1	1	58	82	8819	7777
GTCCGGACCTGAAATT-1	1	54	88	8279	8245
GTCCTACAGGCGGCTC-1	1	18	16	3394	2651
GTCCTACGAATAGTCT-1	1	53	91	8144	8478
GTCCTTCTACAACCCA-1	1	22	6	3935	1872
GTCCTTCTAGTGGGTT-1	1	10	82	2321	7789
GTCGCGTAACCCGTTG-1	1	39	75	6246	7237
GTCGGATGTAGCGCGC-1	1	17	77	3268	7398
GTCGTATTGGCGTACA-1	1	19	95	3541	8798
GTCGTCAATTATAAGG-1	1	11	45	2451	4909
GTCTAGTGAGCCGCTT-1	1	66	92	9904	8553
GTCTATTGCATGCTCG-1	1	65	105	9770	9565
GTCTATTGGTTCCGGT-1	1	50	90	7737	8401
GTCTTAGTACAGCCGG-1	1	12	78	2591	7477
GTGAAACGGCGCCACC-1	1	24	88	4217	8252
GTGACCGCACACTACG-1	1	39	91	6248	8482
GTGACGCAGGTTTCAT-1	1	65	75	9766	7230
GTGAGGACACTTAAGG-1	1	41	77	6517	7392
GTGAGGAGCGGTTGAG-1	1	13	87	2728	8177
GTGAGTCTAAGACGGA-1	1	25	11	4341	2261
GTGATCACTAACGCCT-1	1	47	97	7332	8947
GTGATCCTTGTCATGA-1	1	62	84	9361	7931
GTGCAACAAATGTGGC-1	1	14	62	2859	6231
GTGCACGAAAGTGACT-1	1	17	71	3267	6931
GTGCCCGTTCGGATTC-1	1	39	85	6247	8015
GTGCCTAGCTATGCTT-1	1	13	11	2717	2264
GTGCCTGAGACCAAAC-1	1	69	89	10309	8319
GTGCGACAGGGAGTGT-1	1	36	100	5843	9183
GTGCGGGTCTCCAAAT-1	1	20	56	3671	5763
GTGCGTGTATATGAGC-1	1	41	83	6518	7859
GTGGAACCTACATGCG-1	1	15	81	2997	7710
GTGGACGTGCTGAGAC-1	1	17	39	3262	4441
GTGGCTGTTTCTGTTC-1	1	70	92	10445	8552
GTGGTGGCCAAGTGAA-1	1	45	79	7059	7547
GTGTACCTTGGCTACG-1	1	26	78	4486	7473
GTGTGAATAACTTAGG-1	1	33	83	5435	7861
GTGTGTCGACGTCGCT-1	1	15	3	2986	1641
GTGTTACTATGCGTCC-1	1	41	75	6517	7236
GTTACCTACAACTTGC-1	1	47	67	7328	6612
GTTAGCCCATGACATC-1	1	67	75	10037	7230
GTTATAATACGGTGAA-1	1	53	107	8146	9723
GTTATTAACGTGGGAG-1	1	22	18	3936	2806
GTTCAAATCAGATGTC-1	1	22	0	3934	1405
GTTCATCGTTTGGCTG-1	1	33	105	5438	9573
GTTCCAGTCTGACCAT-1	1	17	53	3264	5530
GTTCGCTGAGACGTCT-1	1	53	109	8146	9879
GTTCGGAGCACTCAAC-1	1	64	114	9636	10265
GTTCGTCTAAAGAACT-1	1	51	89	7872	8323
GTTCTTCCCTCGATGT-1	1	15	51	2993	5375
GTTGGATTCAGTGGCT-1	1	16	96	3135	8876
GTTGGATTGAGAACAC-1	1	32	88	5300	8250
GTTGTCGTGTTAGTTG-1	1	15	47	2993	5064
GTTGTTGCAAGATGGC-1	1	63	121	9502	10810
GTTTACGTTCCATCTG-1	1	48	64	7463	6379
GTTTATGGGATTTAGA-1	1	22	8	3935	2028
GTTTCAAACGAGTTGT-1	1	61	109	9229	9877
GTTTCTAGAGGCGCGG-1	1	69	93	10310	8630
GTTTCTGCAGTCTCCC-1	1	40	72	6381	7003
GTTTGGCCCAAGTTAT-1	1	42	80	6653	7625
GTTTGGCCGCTCAGCG-1	1	12	32	2584	3898
GTTTGGGCTTGTGAGC-1	1	51	65	7869	6456
GTTTGGGTTTCGCCCG-1	1	63	91	9497	8476
TAAACGTCGTCAATGA-1	1	18	12	3394	2340
TAAAGAGCCCGAAACC-1	1	10	46	2316	4988
TAAAGCGTTAGGAGAA-1	1	28	88	4758	8251
TAAAGCTGCAATAGGG-1	1	17	97	3270	8954
TAAATGAATCCGTTTC-1	1	23	29	4073	3662
TAACAAAGGGAGAAGC-1	1	21	35	3803	4129
TAACATACAATGTGGG-1	1	38	70	6110	6848
TAACCTACCGTCCGAG-1	1	33	101	5437	9261
TAACCTAGGGAGTCCA-1	1	60	106	9093	9644
TAACTATCGAAGGTCC-1	1	24	34	4209	4050
TAACTCCATGGAGGCT-1	1	19	27	3531	3507
TAAGGAACTTGTGGGA-1	1	16	40	3127	4519
TAAGGCAACATAAGAT-1	1	25	71	4350	6929
TAAGGCTGAATCCCTC-1	1	45	97	7061	8947
TAAGGGCCTGTCCGAT-1	1	57	95	8686	8789
TAAGTTGCGACGTAGG-1	1	53	95	8144	8790
TAATAAACAAGGAGAT-1	1	17	91	3270	8487
TAATACACAGTAGTAT-1	1	20	64	3672	6386
TAATACTAGAACAGAC-1	1	69	77	10308	7385
TAATATTGAAATTCGC-1	1	17	47	3263	5064
TAATCGATCCGTACGT-1	1	25	93	4353	8641
TAATGAAAGACCCTTG-1	1	25	17	4342	2727
TAATTACGTCAGTAGA-1	1	62	102	9364	9332
TAATTCCAATGCTTCA-1	1	65	121	9772	10810
TACAAGGGCTTCTTTA-1	1	68	94	10175	8708
TACACAGCCGTGGTGC-1	1	72	74	10713	7151
TACAGAAACGGTGGGC-1	1	59	85	8955	8010
TACATCTTGTTTCTTG-1	1	17	3	3257	1640
TACATGACCTTATCCG-1	1	23	5	4070	1794
TACCAATAAAGTACCA-1	1	55	83	8413	7855
TACCAGCTAGGTTTAA-1	1	11	65	2454	6466
TACCGAATAATTGTAA-1	1	67	93	10039	8630
TACCGCGGACTTGCAG-1	1	33	97	5437	8950
TACCGGCTCACTGCCC-1	1	47	65	7328	6457
TACCGTGCCTCGGACC-1	1	51	69	7870	6767
TACCTCACGCTTGTAC-1	1	16	56	3129	5764
TACCTCTTTACCATCC-1	1	66	122	9908	10887
TACCTGCTGCACTGTG-1	1	28	22	4749	3116
TACGACTGCCTCTTAG-1	1	44	66	6922	6535
TACGCTATAGAAACCT-1	1	34	104	5573	9494
TACGCTCGGTATTGGA-1	1	61	113	9230	10188
TACGGAAGCCAAACCA-1	1	69	73	10307	7074
TACGGCATGGACGCTA-1	1	63	115	9501	10343
TACGTAAAGCGGAGTG-1	1	63	103	9499	9410
TACGTGCACTATGCTG-1	1	21	33	3803	3973
TACGTGGGCCCAGGGC-1	1	69	81	10308	7696
TACTACGTGCAATGCG-1	1	71	85	10580	8007
TACTCTTACTTTACTG-1	1	59	111	8959	10033
TACTTAAACATGTACA-1	1	66	108	9906	9798
TACTTGTTAGTAGTCC-1	1	37	87	5977	8171
TACTTTACTGAGCCGG-1	1	30	96	5030	8873
TAGAAACACAATAGTG-1	1	16	0	3121	1407
TAGAAAGGTGGCGCTA-1	1	31	81	5164	7706
TAGAATAGCCGATGAA-1	1	62	100	9363	9176
TAGAATTAAGGGCAAC-1	1	10	76	2320	7322
TAGACGCCCGTACCGG-1	1	32	90	5300	8406
TAGACTACCTAGCGTT-1	1	38	104	6115	9494
TAGAGCTACGAAGAAC-1	1	13	53	2723	5531
TAGAGGTTCTACTTGT-1	1	54	96	8280	8867
TAGATCCGAAGTCGCA-1	1	10	72	2319	7011
TAGATGGTTCCTTACT-1	1	59	97	8957	8944
TAGCAACCTGTCACAA-1	1	22	26	3937	3428
TAGCAGTATGACTAAA-1	1	66	98	9905	9020
TAGCCATTTCAAAGTC-1	1	43	89	6789	8325
TAGCCGGCGGTCAGCG-1	1	33	85	5435	8016
TAGCGTTGGGTCTTAC-1	1	38	68	6109	6692
TAGGCCTATATAGTCT-1	1	66	110	9906	9953
TAGGCTAAAGTGGCAC-1	1	65	99	9769	9098
TAGGGAGCTTGGGATG-1	1	36	96	5843	8872
TAGGTCCAAGTAAGGA-1	1	29	23	4885	3193
TAGGTCGCCGGAACTG-1	1	32	100	5302	9184
TAGGTGACGATAACCT-1	1	61	79	9225	7543
TAGGTGCTCGCCTAGC-1	1	40	86	6383	8092
TAGGTTCGAGTTCGTC-1	1	35	67	5703	6615
TAGTACCTTAGTGGTC-1	1	21	21	3801	3040
TAGTCCGTATGCATAA-1	1	15	13	2988	2419
TAGTCGATCACGGGTT-1	1	48	96	7467	8869
TAGTCGGGATTCTTCG-1	1	12	4	2580	1719
TAGTGTCAGAAACGGC-1	1	21	19	3801	2884
TAGTTAAGATAGGATA-1	1	12	82	2591	7788
TAGTTTATTCTTGCTT-1	1	13	57	2723	5843
TATAAATCCACAAGCT-1	1	20	44	3669	4829
TATAAGTGAGGATAGC-1	1	21	39	3804	4440
TATACACAGACGCCTT-1	1	50	60	7733	6067
TATACACGCAAAGTAT-1	1	18	36	3397	4207
TATACTCATGCGGCAA-1	1	20	18	3665	2806
TATAGATGGTCGCAGT-1	1	40	102	6385	9337
TATATCCCTGGGAGGA-1	1	36	98	5843	9027
TATATGCTGGGTTGCC-1	1	23	7	4070	1950
TATCACCCAACCGACC-1	1	24	100	4219	9186
TATCCAATTGGTTATC-1	1	55	79	8413	7544
TATCCATATCATGCGA-1	1	18	52	3399	5452
TATCCTGCATGGGAAT-1	1	14	54	2858	5609
TATGAAGAATTAAGGT-1	1	67	99	10040	9097
TATGAAGACAGGTGCG-1	1	29	21	4884	3038
TATGATCTTCTCTTTA-1	1	58	90	8820	8399
TATGGTTAGTGGGAGA-1	1	41	105	6521	9571
TATGTCAAGACCGACT-1	1	20	92	3676	8564
TATGTCTCATTGTGCC-1	1	30	82	5028	7784
TATTACCATCCTGCTT-1	1	38	96	6113	8871
TATTCAATTCTAATCC-1	1	34	74	5569	7160
TATTCCGAGCTGTTAT-1	1	54	86	8278	8089
TATTCGTGCCAGAATA-1	1	34	64	5567	6382
TATTTAGTCTAGATCG-1	1	18	58	3400	5919
TATTTATACCGAGTAG-1	1	16	78	3132	7476
TCAAACTTAGATTGTT-1	1	31	65	5161	6461
TCAAATTGTTGTGCCG-1	1	68	78	10172	7463
TCAACTGCAGAGTCAG-1	1	56	108	8552	9800
TCAAGCGCGGACGGTA-1	1	58	114	8824	10267
TCAAGGTTACTACACC-1	1	47	103	7333	9413
TCACAAACCGAGGTAC-1	1	61	95	9227	8788
TCACAGATCCTCAAAC-1	1	11	15	2447	2575
TCACAGGGAATCGCAA-1	1	47	79	7330	7546
TCACATCTTATCTGAT-1	1	28	20	4749	2960
TCACCGCTCGGCACTC-1	1	30	92	5030	8562
TCACTACGACCAATGC-1	1	13	95	2729	8799
TCACTCGTGCAACGGC-1	1	15	93	2999	8643
TCACTCTTCGTCTGTC-1	1	18	8	3393	2029
TCAGAACGGCGGTAAT-1	1	73	79	10850	7540
TCAGACGCTATAGAAG-1	1	48	72	7464	7001
TCAGCAAATGCATCTC-1	1	31	73	5162	7083
TCAGCCAATCCGTAAA-1	1	63	105	9499	9565
TCAGCGCACGCCGTTT-1	1	74	80	10985	7617
TCAGGGCGCAAACTCG-1	1	22	16	3936	2650
TCAGGGTGTAACGTAA-1	1	28	72	4756	7006
TCATACTTACAGATCC-1	1	22	24	3937	3273
TCATCACTCGAGCTCG-1	1	17	29	3261	3663
TCATCCCAGAGGGTGG-1	1	12	70	2590	6854
TCATCCTCAGCTGCTT-1	1	68	90	10174	8397
TCATCGACGACCGTCG-1	1	70	84	10444	7929
TCATGCAGGTTCTCAT-1	1	18	84	3404	7942
TCATTTAAGTCTCCGA-1	1	35	99	5708	9105
TCATTTAGAAGTGTGA-1	1	54	110	8282	9956
TCCAACTCAGCTATCT-1	1	67	91	10039	8475
TCCAAGCCTAGACACA-1	1	67	79	10037	7541
TCCACTTTATCTAGGT-1	1	31	79	5163	7550
TCCAGAGCACCGGTTC-1	1	40	70	6381	6848
TCCCGCGTACTCCTGG-1	1	27	69	4620	6773
TCCCGTCAGTCCCGCA-1	1	23	75	4080	7241
TCCCGTGTGCAATTTG-1	1	44	80	6924	7625
TCCCTCTTCTCAAGGG-1	1	65	115	9772	10343
TCCCTTAGATTACTCG-1	1	18	86	3404	8098
TCCGATAATTGCCATA-1	1	18	64	3401	6386
TCCGATGACTGAGCTC-1	1	22	76	3944	7319
TCCGCAGCCACCTAGC-1	1	13	7	2716	1952
TCCGCGGCAGCATCTG-1	1	34	84	5570	7938
TCCGCGGCCCAATGAA-1	1	53	99	8145	9101
TCCGCTGTCATCCCGG-1	1	47	81	7330	7702
TCCGCTTATCCCATTA-1	1	50	64	7734	6378
TCCGGCCTAGCGTACA-1	1	28	98	4760	9029
TCCGGGCTTGACGGGA-1	1	66	96	9904	8864
TCCGTAACCACAATCC-1	1	20	16	3665	2651
TCCGTTAAGCTAATAT-1	1	52	100	8009	9179
TCCGTTTAGCCTTGAA-1	1	29	89	4894	8329
TCCTAAAGATTCAGAC-1	1	68	84	10173	7930
TCCTACATCCACGGCC-1	1	46	84	7195	7935
TCCTCGGGCTGGGCTT-1	1	40	76	6381	7314
TCCTCTCCAGTTGTCC-1	1	30	20	5020	2960
TCCTGCCAACTGGAGA-1	1	12	90	2593	8411
TCCTTACGACGGTCCG-1	1	49	95	7603	8791
TCCTTCAGTGGTCGAA-1	1	15	69	2996	6776
TCCTTTAAATCCGCTT-1	1	56	92	8550	8555
TCGAAGAACCGAGCAC-1	1	45	99	7062	9103
TCGCACTAACGTTTGT-1	1	14	0	2851	1407
TCGCATAAAGGGCGCA-1	1	63	111	9500	10032
TCGCATCCCTAAGTGT-1	1	15	31	2990	3819
TCGCCGACATATTCGC-1	1	66	86	9903	8086
TCGCCGGTCGATCCGT-1	1	19	61	3536	6152
TCGCGTAGCAGTGTCC-1	1	57	99	8686	9100
TCGCTAAACCGCTATC-1	1	19	89	3540	8331
TCGCTGCCAATGCTGT-1	1	68	80	10173	7619
TCGCTGGGCGGATTGT-1	1	28	74	4756	7162
TCGCTGTGCGTAAATC-1	1	17	41	3263	4597
TCGCTTTAAACGTTTG-1	1	25	87	4352	8174
TCGGACGCCCAGCCCA-1	1	33	79	5434	7550
TCGGAGTACATGAGTA-1	1	32	74	5298	7161
TCGGCGAACCCAAACC-1	1	49	105	7604	9569
TCGGCTTGTATCGACG-1	1	58	96	8821	8866
TCGGGCCGTCGTGGTA-1	1	40	88	6383	8248
TCGGGTGAAACTGCTA-1	1	10	56	2317	5766
TCGTAAGACGACATTG-1	1	27	77	4622	7395
TCGTATAGTGCAATTA-1	1	12	56	2588	5765
TCGTCACACTGTTAGC-1	1	27	19	4613	2883
TCGTCCGCTGGCGTCT-1	1	22	40	3939	4518
TCGTCTTAGGCGTTAA-1	1	53	83	8142	7856
TCGTGTTCGACCACAA-1	1	57	105	8687	9567
TCGTTCGTTATTATGT-1	1	10	62	2318	6232
TCTACCCAATAGAGAG-1	1	56	106	8552	9645
TCTACCGTCCACAAGC-1	1	27	67	4620	6617
TCTAGCATGCCCAGAA-1	1	48	66	7463	6534
TCTAGGTGGCGACGCT-1	1	29	99	4895	9107
TCTAGTGATATCGTGG-1	1	44	98	6926	9025
TCTATAGGTGGGTAAT-1	1	65	109	9771	9876
TCTATCATGCAGTTAC-1	1	18	40	3398	4519
TCTATCCGATTGCACA-1	1	73	85	10850	8006
TCTATCGGTCGCAACA-1	1	22	64	3943	6385
TCTATGCTATAACGAC-1	1	64	94	9633	8709
TCTATTACGCTGGCGA-1	1	14	34	2855	4053
TCTCAAATCAATCGGG-1	1	71	89	10580	8318
TCTCATGAGATAGGGT-1	1	49	87	7601	8168
TCTCCAACGTAGGTTA-1	1	20	78	3674	7475
TCTCCACAAGTTGAAT-1	1	61	93	9227	8632
TCTCCCTGGGCAGCGT-1	1	54	80	8277	7622
TCTCGAGGAGGTTCGC-1	1	52	112	8011	10113
TCTCGGCTCCAGGACT-1	1	13	23	2718	3197
TCTCTAATAGCTGGTA-1	1	20	52	3670	5452
TCTGAACCGGTCGGCT-1	1	21	37	3804	4285
TCTGAACTCGTACCCG-1	1	47	95	7332	8791
TCTGAAGCACGTGGTC-1	1	56	84	8549	7933
TCTGAATTCCGTACAA-1	1	34	94	5572	8716
TCTGAGCAATTGACTG-1	1	54	112	8282	10112
TCTGCATACCTTGCTT-1	1	61	99	9228	9099
TCTGCCAGAAACTGCA-1	1	41	79	6517	7548
TCTGCGTCCGGTTTCT-1	1	15	23	2989	3197
TCTGGGAACCTTTGAA-1	1	40	98	6385	9026
TCTGTCATACAAGAGC-1	1	10	44	2315	4832
TCTGTGCCATCATAGT-1	1	32	80	5299	7628
TCTTAACTCGGATGTA-1	1	16	2	3122	1563
TCTTACAGAGGTACCG-1	1	15	45	2992	4909
TCTTACGGCATCCGAC-1	1	25	29	4344	3661
TCTTACTTATGCCTCT-1	1	45	93	7061	8636
TCTTAGAGTGAACTCT-1	1	43	99	6791	9103
TCTTCCCATGGGCACA-1	1	32	96	5301	8873
TCTTCGAATAGACGTT-1	1	39	71	6245	6926
TCTTCGATACCAATAA-1	1	32	66	5297	6538
TCTTCGCGGTGAGAGG-1	1	60	116	9095	10422
TCTTGATGCGTAGCGA-1	1	32	68	5297	6694
TCTTGGTAACACCAAA-1	1	21	65	3807	6463
TCTTTAAGACTATGAA-1	1	34	98	5572	9028
TCTTTAGAGTCTAACA-1	1	50	114	7741	10269
TGAAACTTATGCAAGC-1	1	11	73	2455	7088
TGAAAGGACCTGACTC-1	1	35	83	5705	7860
TGAAGAGCGGTCCTAG-1	1	19	11	3529	2262
TGAAGTAGCTTACGGA-1	1	17	5	3257	1796
TGAATACCGACGCGTA-1	1	66	82	9902	7775
TGAATGTCAGCCGGCC-1	1	47	109	7334	9880
TGACATCGAGCGGACC-1	1	35	101	5708	9261
TGACGATGCACTAGAA-1	1	37	95	5978	8793
TGACTATAATCCTTTC-1	1	46	68	7193	6690
TGAGAATGCTTTACCG-1	1	18	54	3400	5608
TGAGAGATTTACCACG-1	1	41	91	6519	8481
TGAGATCAAATACTCA-1	1	7	63	1912	6311
TGAGATTAGGCCCTAA-1	1	16	94	3135	8721
TGAGTGGTCCGTGACG-1	1	30	84	5029	7939
TGAGTTAAAGACATTC-1	1	48	112	7470	10113
TGATGTCAATTAAGTG-1	1	59	103	8958	9411
TGATTTCCTCCTGACG-1	1	16	34	3126	4052
TGCAACCCATCTGCGG-1	1	60	90	9091	8399
TGCAACTACTGGTTGA-1	1	69	91	10310	8474
TGCAATCTAACACGGT-1	1	62	90	9362	8398
TGCACTATGTGAGTGC-1	1	17	13	3259	2418
TGCAGGATCGGCAAAG-1	1	24	74	4215	7163
TGCAGTTTCCTCCCAT-1	1	40	90	6383	8404
TGCATATGTCTGTCAC-1	1	35	85	5706	8016
TGCATGGATCGGATCT-1	1	19	67	3537	6619
TGCATGTGGTAATCTA-1	1	29	81	4893	7706
TGCCACCTGGCGAAAC-1	1	20	76	3674	7319
TGCCAGTACGTGGAGA-1	1	51	71	7870	6923
TGCCCGATAGTTAGAA-1	1	72	78	10714	7462
TGCCTAATTGAAGATT-1	1	55	105	8416	9567
TGCCTGACATCGGTCA-1	1	16	20	3124	2963
TGCCTGATCAAACGAT-1	1	20	70	3673	6852
TGCGATGCTAATGGCT-1	1	21	11	3800	2262
TGCGCAAAGCATTTGG-1	1	31	67	5162	6616
TGCGGACTTGACTCCG-1	1	68	76	10172	7307
TGCGGAGTAAAGGTGC-1	1	22	70	3944	6852
TGCGGCATAGTTCAAC-1	1	12	54	2587	5610
TGCGGTGAAATTTCAT-1	1	12	66	2589	6543
TGCGTACGGCTAATTG-1	1	67	101	10040	9253
TGCGTGATTGGGTGTC-1	1	11	17	2447	2731
TGCGTTTGTTGACACT-1	1	42	76	6652	7314
TGCTAAGTGTCTATTT-1	1	52	90	8008	8401
TGCTCCACAGTTCTTA-1	1	45	95	7061	8791
TGCTGGTTGGACAATT-1	1	21	41	3804	4596
TGCTGTTGAAGAACTC-1	1	38	66	6109	6537
TGGAAGACGAACACCA-1	1	14	46	2857	4987
TGGAAGGATAAAGATG-1	1	20	68	3673	6697
TGGAATTAGACGCTTT-1	1	26	18	4478	2805
TGGACACCGTTGCTTG-1	1	20	10	3664	2184
TGGACCAATCTAAGAT-1	1	62	80	9360	7620
TGGACTGTTCGCTCAA-1	1	37	73	5975	7082
TGGCAATGGGACGGCG-1	1	54	106	8281	9645
TGGCCAAACTGAAGTA-1	1	28	76	4757	7317
TGGCTACACTCTACCT-1	1	64	100	9634	9176
TGGCTATGTGACATAC-1	1	60	82	9090	7776
TGGCTTTGGGTAGACA-1	1	19	51	3535	5374
TGGGAAATGCCTTTCC-1	1	23	27	4073	3506
TGGGCACGTTCTATGG-1	1	15	73	2996	7087
TGGGCCACAAGAGCGC-1	1	18	72	3402	7009
TGGGCCCATACTAATT-1	1	47	89	7331	8324
TGGGTAAGGTTCCCGC-1	1	13	79	2726	7554
TGGGTGCACAAGCCAT-1	1	69	85	10309	8007
TGGGTTCCCGGACGGA-1	1	20	0	3663	1406
TGGTAGAATATATGGG-1	1	48	100	7468	9180
TGGTATCGCATCCCAA-1	1	8	68	2048	6700
TGGTCTAGCTTACATG-1	1	21	5	3799	1795
TGGTGATCGTATTTGT-1	1	26	16	4477	2649
TGGTTATGCTTGCGGT-1	1	25	1	4340	1482
TGTACCTACACGAGGG-1	1	59	91	8956	8477
TGTAGCCAATTCCGTT-1	1	71	81	10579	7696
TGTAGCCATCCCATTC-1	1	62	112	9365	10110
TGTAGGAGAAATTTCC-1	1	34	86	5571	8094
TGTATAACAGATCCTG-1	1	29	79	4893	7551
TGTATGGCGCAGACAG-1	1	43	93	6790	8636
TGTCCACGGCTCAACT-1	1	65	101	9770	9253
TGTCCCGACATAGCAC-1	1	11	57	2453	5843
TGTCTACAGTTTCTGT-1	1	11	53	2452	5532
TGTGACTACGCCAGTC-1	1	21	73	3809	7086
TGTGCCGGTGCCGGAA-1	1	53	97	8144	8945
TGTGGCAAAGCGTATG-1	1	29	87	4894	8173
TGTGTCGCGAGTTGCA-1	1	24	36	4210	4206
TGTTATTGTATGTGGC-1	1	44	86	6924	8091
TGTTCGTATTGCGGTG-1	1	49	61	7598	6145
TGTTTAATACTTCATC-1	1	9	77	2185	7400
TGTTTCGGTACTTCTC-1	1	18	56	3400	5764
TGTTTGAGATCGTCAG-1	1	49	115	7605	10347
TTAAACCTGGTTCCTT-1	1	26	12	4477	2338
TTAAACTCGAATTCAT-1	1	31	95	5166	8795
TTAACACCTCGAACAT-1	1	24	22	4208	3117
TTAACCAACCCTCCCT-1	1	19	55	3535	5686
TTAACGTCGCAAGACC-1	1	10	54	2317	5610
TTAACTCACGCGTGGA-1	1	24	14	4206	2494
TTAAGATAGGATTGAC-1	1	43	101	6791	9259
TTAAGCCGACAACTTC-1	1	13	77	2726	7399
TTAAGTATTGTTATCC-1	1	64	90	9633	8398
TTAATCAGTACGTCAG-1	1	18	76	3403	7320
TTAATGTAGACCAGGT-1	1	30	68	5026	6694
TTAATGTGTTTGCAGG-1	1	12	6	2581	1875
TTAATTGCTTTGGGTG-1	1	62	76	9360	7309
TTAATTTCAGACGCGG-1	1	17	69	3267	6775
TTACACGATCTGCGAC-1	1	62	110	9365	9954
TTACAGACCTAAATGA-1	1	26	96	4489	8874
TTACATCGTGGCCTGG-1	1	20	36	3668	4207
TTACATGCCACAACTA-1	1	41	103	6521	9415
TTACCCATTGCCGGGT-1	1	17	85	3269	8020
TTACCCTAACAGTCCT-1	1	24	24	4208	3272
TTACCGCCTTAGGGAA-1	1	11	21	2447	3042
TTACGGATGGTTCGAG-1	1	33	93	5436	8639
TTACGTATCTATGACA-1	1	64	116	9636	10421
TTACTCCGGCCGGGAA-1	1	34	78	5569	7471
TTAGAAGAACATGACT-1	1	52	64	8004	6378
TTAGACACGATCGTTG-1	1	16	86	3134	8098
TTAGAGTTTAGAAGGA-1	1	46	86	7195	8091
TTAGATAGGTCGATAC-1	1	13	21	2718	3042
TTAGCAACATGGATGT-1	1	20	28	3667	3585
TTAGCTAATACGATCT-1	1	22	98	3948	9031
TTAGCTGATTTGCCGT-1	1	38	94	6113	8715
TTAGTAAACCTGCTCT-1	1	62	94	9362	8709
TTAGTTATTCGTGGCA-1	1	47	91	7331	8480
TTATATACGCTGTCAC-1	1	38	74	6110	7159
TTATCCAATCGAACTC-1	1	13	33	2720	3975
TTATCCGGGATCTATA-1	1	51	87	7872	8168
TTATCGCCTGCGAAGC-1	1	27	17	4613	2727
TTATCTGTATCATAAC-1	1	22	60	3942	6074
TTATGAATGAAAGGGA-1	1	41	63	6515	6303
TTATGATCTTAACGAA-1	1	38	82	6111	7782
TTATGTTTGCGATAGA-1	1	26	20	4478	2961
TTATTAGAGCGTGTTC-1	1	46	70	7193	6846
TTATTAGGGAAGCATC-1	1	15	59	2994	5998
TTCAAAGTCTCTAGCC-1	1	35	75	5704	7238
TTCAACGACCCGACCG-1	1	20	48	3670	5141
TTCAAGCCGAGCTGAG-1	1	13	75	2726	7243
TTCAATACTCTGAATC-1	1	38	86	6112	8093
TTCAGCCCTGGTCCAC-1	1	47	85	7330	8013
TTCAGCTGGCGTGCCC-1	1	55	95	8415	8789
TTCATAGGGTGTCCAT-1	1	16	4	3122	1718
TTCATGGCGCAACAGG-1	1	19	75	3538	7242
TTCCAATCAGAGCTAG-1	1	23	95	4083	8797
TTCCATCGACAGCGTG-1	1	61	107	9229	9721
TTCCGCGTGAGGCGAT-1	1	46	64	7192	6379
TTCCGGTTACCCACTT-1	1	45	87	7060	8169
TTCCTCGAGGGTGTCT-1	1	21	49	3805	5218
TTCCTCGGACTAACCA-1	1	50	86	7737	8090
TTCCTTTCTGTGTTGC-1	1	11	25	2448	3353
TTCGACAGAGCCCGTG-1	1	52	68	8005	6689
TTCGCATCCGGAAGCA-1	1	11	19	2447	2886
TTCGGCAACCCGCTGA-1	1	16	88	3134	8254
TTCGGCTAGAGATGGT-1	1	18	24	3396	3274
TTCGGGACTAATCGCG-1	1	36	72	5839	7004
TTCGGGTTGCCACGGG-1	1	61	117	9230	10499
TTCGTAATCCCAGCGG-1	1	12	86	2592	8099
TTCTAACCGAAGCTTA-1	1	34	90	5571	8405
TTCTACTTGCGAGGGC-1	1	22	32	3938	3895
TTCTAGGCCAATTGTG-1	1	22	44	3940	4829
TTCTGACCGGGCTCAA-1	1	52	84	8007	7934
TTCTGCCGCGCCTAGA-1	1	49	69	7599	6767
TTCTGCGGGTTAGCGG-1	1	40	80	6382	7626
TTCTGTTTCCTGTCGC-1	1	20	12	3665	2340
TTCTTAGTGAACGGTG-1	1	18	34	3397	4052
TTCTTAGTGGCTCAGA-1	1	17	61	3265	6153
TTCTTATCCGCTGGGT-1	1	49	101	7603	9257
TTCTTGTAACCTAATG-1	1	23	35	4074	4128
TTGAACGAATCCTTTG-1	1	19	21	3530	3040
TTGAACGACGTGCTGA-1	1	60	88	9091	8243
TTGAATATGGACTTTC-1	1	34	76	5569	7316
TTGAATTCACGTGAGG-1	1	39	97	6249	8949
TTGACAGGAGCTCCCG-1	1	47	99	7332	9102
TTGACCAGGAACAACT-1	1	64	80	9631	7620
TTGACGCTCCATGAGC-1	1	41	101	6520	9259
TTGAGAAGTTTAGCAT-1	1	55	87	8414	8167
TTGATGTGTAGTCCCG-1	1	24	90	4217	8408
TTGCACGGAGCAGCAC-1	1	21	59	3807	5996
TTGCCGCTTTCTAGTA-1	1	62	78	9360	7465
TTGCGCTCTCTCGCTT-1	1	22	4	3934	1717
TTGCGTAGTTTGAGGA-1	1	25	19	4343	2883
TTGCGTGAACGCTTAG-1	1	14	96	2864	8877
TTGCGTGTGTAGGCAT-1	1	69	83	10309	7852
TTGCTCCCATACCGGA-1	1	22	72	3944	7008
TTGCTGAAGGAACCAC-1	1	19	57	3536	5841
TTGCTGCACCTATCCA-1	1	22	20	3936	2962
TTGGACCATCTGGCAA-1	1	51	105	7875	9568
TTGGACCTATAACAGT-1	1	56	86	8549	8089
TTGGATCGACTTCTGG-1	1	10	60	2318	6077
TTGGATTGGGTACCAC-1	1	17	55	3265	5686
TTGGCCATCTTGCGCT-1	1	17	21	3260	3041
TTGGCCTAGAATTTCG-1	1	16	82	3133	7787
TTGGCTCAATATGTGT-1	1	65	113	9771	10187
TTGGCTCGCATGAGAC-1	1	23	37	4074	4284
TTGGGACACTGCCCGC-1	1	28	70	4756	6850
TTGGGACGTAAGAGTT-1	1	51	109	7875	9879
TTGGGCGGCGGTTGCC-1	1	30	76	5028	7317
TTGTATCACACAGAAT-1	1	12	74	2590	7166
TTGTCGTTCAGTTACC-1	1	22	58	3942	5918
TTGTGAACCTAATCCG-1	1	56	90	8550	8400
TTGTGGCCCTGACAGT-1	1	18	60	3401	6075
TTGTGGTGGTACTAAG-1	1	63	95	9498	8787
TTGTGTTTCCCGAAAG-1	1	51	59	7868	5989
TTGTTAGCAAATTCGA-1	1	22	42	3940	4673
TTGTTCTAGATACGCT-1	1	21	3	3799	1639
TTGTTGTGTGTCAAGA-1	1	31	77	5163	7394
