barcode,tissue,row,col,imagerow,imagecol
AAACACCAATAACTGC-1,1,59,19,8847,2537
AAACAGAGCGACTCCT-1,1,14,94,2754,8380
AAACAGCTTTCAGAAG-1,1,43,9,6679,1760
AAACAGGGTCTATATT-1,1,47,13,7221,2071
AAACATGGTGAGAGGA-1,1,62,0,9253,1057
AAACCGGGTAGGTACC-1,1,42,28,6544,3239
AAACCTCATGAAGTTG-1,1,37,19,5867,2539
AAACGAAGATGGAGTA-1,1,58,4,8711,1369
AAACGAGACGGTTGAT-1,1,35,79,5598,7211
AAACGTGTTCGCCCTA-1,1,14,118,2755,10249
AAACTCGTGATATAAG-1,1,23,113,3974,9859
AAACTTAATTGCACGC-1,1,64,12,9524,1992
AAACTTGCAAACGTAT-1,1,45,19,6951,2538
AAAGAATGACCTTAGA-1,1,64,2,9524,1213
AAAGACCCAAGTCGCG-1,1,10,48,2210,4799
AAAGCTTGCCTACATA-1,1,26,122,4381,10560
AAAGGGATGTAGCAAG-1,1,24,62,4107,5888
AAAGGGCAGCTTGAAT-1,1,24,26,4106,3085
AAAGGTAAGCTGTACC-1,1,10,106,2212,9315
AAAGTAGCATTGCTCA-1,1,51,27,7764,3161
AAAGTCACTGATGTAA-1,1,10,52,2210,5110
AAAGTCGACCCTCAGT-1,1,37,15,5866,2227
AAATAACCATACGGGA-1,1,14,88,2754,7913
AAATAAGGTAGTGCCC-1,1,31,115,5058,10014
AAATAGCTTAGACTTT-1,1,36,106,5735,9313
AAATCGCGGAAGGAGT-1,1,57,5,8576,1447
AAATCTGCCCGCGTCC-1,1,71,3,10472,1290
AAATGATTCGATCAGC-1,1,21,111,3703,9703
AAATGGCATGTCTTGT-1,1,13,69,2617,6434
AAATGGCCCGTGCCCT-1,1,49,17,7492,2382
AAATTACACGACTCTG-1,1,14,86,2753,7757
AAATTACCTATCGATG-1,1,26,94,4380,8379
AAATTCCAGGTCCAAA-1,1,35,115,5600,10014
AAATTGATAGTCCTTT-1,1,55,31,8306,3472
AAATTGGTGAGAAGCA-1,1,15,119,2890,10327
AACAACTGGTAGTTGC-1,1,28,42,4648,4330
AACAATTACTCTACGC-1,1,29,25,4783,3007
AACACGACTGTACTGA-1,1,9,65,2075,6123
AACACGAGACGCGGCC-1,1,45,21,6951,2694
AACAGGAAATCGAATA-1,1,15,67,2888,6278
AACAGGATGGGCCGCG-1,1,29,31,4783,3474
AACATATCAACTGGTG-1,1,27,99,4515,8769
AACATCGATACGTCTA-1,1,17,113,3161,9860
AACCAAGACTTCTCTG-1,1,36,24,5731,2928
AACCATAGGGTTGAAC-1,1,65,11,9660,1914
AACCCAGAGACGGAGA-1,1,15,39,2887,4098
AACCCATCCCATGATC-1,1,56,14,8441,2148
AACCGAGCTTGGTCAT-1,1,24,70,4108,6511
AACCGTTGTGTTTGCT-1,1,12,64,2482,6045
AACCTGTCACGGAATT-1,1,36,118,5735,10247
AACCTTTACGACGTCT-1,1,16,92,3025,8224
AACGAAAGTCGTCCCA-1,1,58,8,8711,1681
AACGATAGAAGGGCCG-1,1,15,53,2887,5188
AACGATATGTCAACTG-1,1,24,76,4108,6978
AACGCATGATCTGGGT-1,1,20,104,3567,9158
AACGCGGTCTCCAGCC-1,1,23,65,3972,6122
AACGTCAGACTAGTGG-1,1,24,40,4106,4175
AACGTGCGAAAGTCTC-1,1,36,74,5734,6821
AACTGATATTAGGCCT-1,1,16,66,3024,6200
AACTGGGTCCCGACGT-1,1,20,66,3565,6200
AACTGGTGTGGGCCTT-1,1,7,49,1803,4877
AACTTGCCCGTATGCA-1,1,29,27,4783,3162
AACTTTCTCGATCATG-1,1,22,124,3839,10716
AAGAAATCACCAGATT-1,1,20,126,3568,10872
AAGACCAAATAACTCA-1,1,62,6,9253,1525
AAGAGATGAATCGGTA-1,1,27,27,4512,3162
AAGAGCTCTTTATCGG-1,1,35,77,5598,7055
AAGAGGATGTACGCGA-1,1,39,29,6138,3317
AAGAGGCATGGATCGC-1,1,36,80,5734,7289
AAGATTGGCGGAACGT-1,1,26,90,4379,8068
AAGCCGCTTTACCTTG-1,1,19,125,3433,10794
AAGCGGAGTGCGCGCA-1,1,12,126,2484,10872
AAGCGGCGTCATGGGT-1,1,9,97,2076,8614
AAGCTCGTGCCAAGTC-1,1,35,73,5598,6744
AAGGAGCGGTTGGTGC-1,1,28,48,4649,4797
AAGGATCGATCGCTTG-1,1,39,109,6142,9546
AAGGATGAGGGACCTC-1,1,27,87,4515,7834
AAGGCAGGCTGTCTCC-1,1,42,118,6548,10247
AAGGCGCGTAAAGCTT-1,1,24,38,4106,4019
AAGGGAACGACTGGCT-1,1,63,21,9389,2693
AAGGGACAGATTCTGT-1,1,26,92,4379,8224
AAGGGACTATGCATTC-1,1,60,26,8983,3082
AAGGGTTTGATTTCAG-1,1,59,1,8847,1136
AAGGTATCCTAATATA-1,1,25,81,4244,7367
AAGTAGAAGACCGGGT-1,1,19,47,3429,4720
AAGTAGTGACGCGAGG-1,1,33,31,5325,3473
AAGTCTAGTAGCTGCC-1,1,21,125,3703,10794
AAGTGACGACCGAATT-1,1,41,25,6409,3006
AAGTGCGTTAGAATCT-1,1,49,27,7493,3161
AAGTTCAGTCTGCGTA-1,1,18,104,3296,9159
AATAACAACGCTCGGC-1,1,36,30,5732,3395
AATACAATGTTTCAGG-1,1,23,19,3970,2540
AATAGCTACCGCGTGC-1,1,19,111,3432,9704
AATATCAAGGTCGGAT-1,1,8,42,1939,4332
AATATCGAGGGTTCTC-1,1,27,101,4515,8924
AATATTGGAGTATTGA-1,1,36,22,5731,2772
AATCCAAGGGCCTGAG-1,1,13,47,2616,4721
AATCGCCTCAGCGCCA-1,1,39,79,6140,7210
AATCGCGCAGAGGACT-1,1,42,114,6548,9935
AATCGGGACACTACGA-1,1,8,60,1939,5733
AATCTAGGTTTACTTG-1,1,52,16,7899,2304
AATCTATGCCGGAGCC-1,1,26,110,4380,9625
AATCTCTACTGTGGTT-1,1,38,10,6002,1838
AATCTGGCTTTCTAGT-1,1,51,15,7763,2226
AATGACAGCAATGTCT-1,1,48,30,7357,3394
AATGACTGTCAGCCGG-1,1,23,47,3971,4720
AATGATGATACGCTAT-1,1,23,93,3973,8302
AATGATGCGACTCCTG-1,1,25,101,4244,8925
AATGCAACCGGGTACC-1,1,25,59,4243,5654
AATGCACCAAGCAATG-1,1,19,97,3431,8614
AATGGTCCACCGTTCA-1,1,30,16,4918,2306
AATGGTTCTCACAAGC-1,1,19,35,3429,3786
AATGTATGGCACTGTA-1,1,65,9,9660,1758
AATGTGCCCGAGGTGT-1,1,55,27,8306,3160
AATTACGAGACCCATC-1,1,59,5,8847,1447
AATTCATAAGGGATCT-1,1,23,91,3973,8146
AATTCATTGTCATGCA-1,1,63,9,9389,1758
AATTGCGTGGATTACA-1,1,67,9,9931,1758
AATTTGGTTCCAAAGA-1,1,11,67,2346,6278
ACAAACCATGCGTCCT-1,1,64,16,9525,2303
ACAAATTCAGATCTGA-1,1,7,103,1806,9082
ACAACAGCATGAGCTA-1,1,32,72,5192,6666
ACAACGGTCCCTGCGA-1,1,22,30,3835,3396
ACAAGCAGTGCCTAGC-1,1,30,26,4919,3084
ACAAGGACAAGAGGTT-1,1,29,37,4784,3941
ACAATAGTCGTACGTT-1,1,42,20,6544,2616
ACAATCCATTTAAACC-1,1,36,32,5732,3551
ACAATTTGAGCAGTGG-1,1,28,82,4650,7445
ACACAAAGACGGGTGG-1,1,24,56,4107,5421
ACACAAATATTCCTAG-1,1,14,124,2755,10716
ACACACTTTCTACACG-1,1,14,64,2752,6044
ACACATGATCAAATCT-1,1,60,16,8983,2303
ACACCACATAATTAGC-1,1,31,117,5058,10170
ACACCCAGCATGCAGC-1,1,24,50,4107,4954
ACACCCGAGAAATCCG-1,1,19,39,3429,4097
ACACCGGTCTGACCGC-1,1,65,17,9660,2381
ACACCTTAAGTAGGGC-1,1,25,43,4242,4408
ACACCTTACTACTTGC-1,1,41,111,6413,9702
ACACGAGACTCCTTCT-1,1,31,71,5056,6588
ACACGGGAACTTAGGG-1,1,27,71,4514,6588
ACAGAACTGAGAACAA-1,1,52,24,7899,2927
ACAGATTAGGTTAGTG-1,1,7,57,1804,5500
ACAGCATAGAGCCAGT-1,1,10,58,2210,5577
ACAGTAATACAACTTG-1,1,46,14,7086,2149
ACAGTATACCGTGGGA-1,1,19,119,3432,10327
ACATAAGTCGTGGTGA-1,1,59,9,8847,1758
ACATAATAAGGCGGTG-1,1,21,63,3701,5966
ACCAAACACCCAGCGA-1,1,17,115,3161,10015
ACCAACACCACACACT-1,1,20,110,3567,9626
ACCAAGAACGCGTGTC-1,1,17,49,3158,4876
ACCACCCTCTCTTCTA-1,1,23,121,3974,10482
ACCAGTGCCCGGTCAA-1,1,9,103,2077,9081
ACCATCCGCCAACTAG-1,1,44,12,6815,1993
ACCCAACGCCCGTGGC-1,1,30,86,4921,7756
ACCCACCTACATGCTC-1,1,25,25,4241,3007
ACCCGTAGCAGAGAAT-1,1,73,9,10744,1757
ACCCTGGTAACGCCCT-1,1,21,115,3703,10015
ACCCTTCATCTGCGAA-1,1,13,65,2617,6122
ACCCTTGCCTGGGTCG-1,1,16,126,3026,10872
ACCGAAAGGGCCCTGC-1,1,9,53,2075,5188
ACCGAAGAGTCTGGTT-1,1,57,11,8576,1914
ACCGACTGAGTCCCAC-1,1,28,66,4649,6199
ACCGGTCAGGTACACC-1,1,59,15,8847,2226
ACCGTCCACTGGGCCC-1,1,63,5,9389,1447
ACCTAAGTACCTTTCA-1,1,50,30,7628,3394
ACCTAATCGACTTCCT-1,1,32,30,5190,3396
ACCTACAGTATGTGGT-1,1,41,113,6413,9858
ACCTCCGTTATTCACC-1,1,34,112,5464,9780
ACCTCGAACTTATGCT-1,1,65,15,9660,2225
ACCTGCGTGTCATGTT-1,1,46,18,7086,2460
ACGAAATGGGCGGCAC-1,1,32,24,5189,2928
ACGAGGATACCACTCT-1,1,50,18,7628,2460
ACGAGGTTTACAACGT-1,1,57,13,8576,2070
ACGAGTACGGATGCCC-1,1,28,104,4651,9158
ACGATACATAGAACTA-1,1,22,80,3837,7290
ACGATCATACATAGAG-1,1,25,63,4243,5966
ACGATCATCTTGTAAA-1,1,36,102,5735,9002
ACGATGGATCCGATGC-1,1,10,70,2211,6512
ACGCAATCACTACAGC-1,1,25,109,4245,9547
ACGCATTCGTGAGTAC-1,1,33,61,5327,5809
ACGCCAGATGATTTCT-1,1,17,73,3159,6745
ACGCGCTACACAGGGT-1,1,41,31,6409,3473
ACGCGGGCCAAGGACA-1,1,34,62,5462,5887
ACGCTAGTGATACACT-1,1,28,100,4651,8846
ACGCTGTGAGGCGTAG-1,1,39,13,6137,2071
ACGGAGCGCAAATTAC-1,1,18,108,3296,9470
ACGGCTGGATGTAGAA-1,1,61,11,9118,1914
ACGGGAGTGTCGGCCC-1,1,47,25,7222,3005
ACGGGCGTATGCGACA-1,1,24,118,4110,10248
ACGGGTTGTGACCTGT-1,1,73,5,10743,1446
ACGGTCACCGAGAACA-1,1,71,13,10473,2069
ACGTACAGATTTCTCT-1,1,10,66,2211,6200
ACGTAGATTGCTGATG-1,1,33,67,5327,6277
ACGTCGGGCAACTCGG-1,1,68,2,10066,1213
ACGTCTCGTTCCGGGA-1,1,44,6,6815,1526
ACGTGACAAAGTAAGT-1,1,52,4,7898,1370
ACGTGCGCCTCGTGCA-1,1,17,63,3159,5966
ACGTTCCGCGCTCCGT-1,1,8,54,1939,5266
ACGTTCGCAATCAATT-1,1,33,113,5329,9858
ACGTTTAGTTGTGATC-1,1,14,68,2753,6356
ACTACATCCCGACAAG-1,1,63,17,9389,2381
ACTACCAGCTCTCTGG-1,1,25,41,4242,4253
ACTATATGCTGTGTTC-1,1,13,105,2619,9237
ACTATCCAGGGCATGG-1,1,38,108,6006,9469
ACTATGTCCAGCTGCC-1,1,64,22,9525,2770
ACTATTCGTCCGTGGT-1,1,14,74,2753,6823
ACTCAATAAAGGCACG-1,1,25,69,4243,6433
ACTCCCATTCCTAAAG-1,1,47,17,7221,2382
ACTCCCGAATTCGTTT-1,1,32,104,5193,9158
ACTCCCGTAGACTAGG-1,1,21,123,3703,10638
ACTCGTAACCCGTCCT-1,1,49,23,7493,2849
ACTCGTCAGTAATCCC-1,1,36,78,5734,7133
ACTCTTCAGCTCCCGC-1,1,36,126,5736,10870
ACTGCCGTCGTAACTC-1,1,16,70,3024,6511
ACTGCGGACACACCGT-1,1,37,119,5871,10325
ACTGCTCGGAAGGATG-1,1,53,9,8034,1759
ACTGTAGCACTTTGGA-1,1,27,39,4513,4097
ACTGTCTTCTTTAGAA-1,1,30,64,4920,6043
ACTTACCGGGCGCGCA-1,1,11,95,2347,8458
ACTTAGTACGACAAGA-1,1,14,32,2751,3553
ACTTCCAGTGGAAGCT-1,1,57,3,8576,1291
ACTTCGCCATACGCAC-1,1,27,75,4514,6900
ACTTCGCTAGCGAGTG-1,1,31,127,5058,10949
ACTTGCTCTATCTACC-1,1,69,3,10201,1291
ACTTGTAGTCCCTTCA-1,1,44,10,6815,1837
ACTTTACCCTCATGAA-1,1,32,106,5193,9313
ACTTTATACACCACTT-1,1,74,10,10879,1835
ACTTTCCTATAGCTTC-1,1,28,62,4649,5888
ACTTTGACTGCATCCT-1,1,39,11,6137,1916
ACTTTGGTCGTGCTCC-1,1,61,13,9118,2070
AGAACCCTCAATTGGG-1,1,61,9,9118,1758
AGAACGTGGTACATTC-1,1,27,73,4514,6744
AGAAGAGCGCCGTTCC-1,1,38,88,6005,7911
AGAAGGTACACTTCAC-1,1,52,14,7899,2148
AGAAGTGATTCGTGAT-1,1,48,28,7357,3239
AGAATAAATCTTCAGG-1,1,37,11,5866,1916
AGAATGCGGGTTCGGA-1,1,12,108,2483,9471
AGAATTATGGATTCGA-1,1,32,98,5193,8690
AGACATAGATCCTTCC-1,1,7,47,1803,4721
AGACCAAACCACACCT-1,1,51,9,7763,1759
AGACCATGGGATACAA-1,1,22,28,3835,3241
AGACCCGCCCTCCTCG-1,1,26,56,4378,5421
AGACCGGGAAACCCTG-1,1,41,17,6409,2383
AGACGACGATGCCGCT-1,1,53,33,8035,3628
AGACGGGCCGATTTAA-1,1,8,102,1941,9004
AGAGAACCGTCTAGGA-1,1,26,88,4379,7912
AGAGATCTCTAAAGCG-1,1,40,18,6273,2461
AGAGCAGTTATGAGAC-1,1,29,19,4783,2539
AGAGCGCTTGTAACGG-1,1,19,127,3433,10949
AGAGCGGGCTAATCAT-1,1,16,64,3023,6044
AGAGCGTACAAGCTCG-1,1,24,28,4106,3241
AGAGTATAGTGTTACG-1,1,28,122,4652,10559
AGAGTTGCAGGCCTCC-1,1,11,125,2349,10794
AGATACCAGCACTTCA-1,1,16,118,3026,10249
AGATACGACTTCATAT-1,1,15,35,2887,3786
AGATCGTGCATAAGAT-1,1,21,97,3702,8613
AGATCTCAGGTGTGAT-1,1,29,75,4785,6900
AGATGACTCGCCCACG-1,1,21,55,3700,5343
AGATGAGGGTTGCGAT-1,1,14,98,2754,8692
AGATGATGGAGTCTGG-1,1,34,106,5464,9313
AGATGCAAGACGTGCA-1,1,58,24,8712,2926
AGATGCATCCTGTGTC-1,1,48,6,7356,1526
AGATTCACAACCGATA-1,1,53,13,8034,2070
AGCAACCGAAAGTAAT-1,1,56,20,8441,2615
AGCACCAGTACTCACG-1,1,27,65,4514,6121
AGCACTACCGGCCTGT-1,1,34,20,5460,2617
AGCACTTAAGGACGCC-1,1,31,35,5054,3785
AGCATCATTTCGAAAG-1,1,53,19,8034,2538
AGCATCGTCGATAATT-1,1,22,52,3836,5109
AGCCACTCCCGTGCTT-1,1,23,81,3973,7367
AGCCCATACATGTAAG-1,1,42,26,6544,3083
AGCCCTAAGCGAAGTT-1,1,15,65,2888,6122
AGCCCTTCTAATCCGA-1,1,17,103,3161,9081
AGCCGTGGCTAAATGT-1,1,50,22,7628,2771
AGCCTAATACCCACGT-1,1,50,14,7628,2148
AGCGACATCCCATTCA-1,1,17,59,3159,5655
AGCGACCAACGATATT-1,1,25,55,4242,5343
AGCGCGGGTGCCAATG-1,1,24,92,4109,8224
AGCGCTAGAGCGATGT-1,1,40,122,6278,10559
AGCGGCGGTTAGCGGT-1,1,50,12,7628,1993
AGCGGGAAGGGTCCAT-1,1,13,37,2616,3942
AGCGGTTGCCGCTCTG-1,1,18,116,3297,10093
AGCTAGAAGCAGAAGT-1,1,21,99,3702,8769
AGCTATTTAATCCAAC-1,1,16,74,3024,6823
AGCTCGTTGATGGAAA-1,1,16,124,3026,10716
AGCTCTTCCCAGTGCA-1,1,18,88,3295,7913
AGCTCTTCGTAACCTT-1,1,39,107,6141,9391
AGCTGAAGTAAACCAA-1,1,20,84,3566,7601
AGCTGTAACCTCAATC-1,1,54,28,8170,3238
AGCTTGATCAGGGTAG-1,1,72,10,10608,1835
AGCTTGATCTTAACTT-1,1,41,23,6409,2850
AGGACATCGCACGTCG-1,1,16,38,3022,4020
AGGACGCTCGATGTTG-1,1,18,98,3296,8691
AGGAGACATCCACAGT-1,1,24,122,4110,10560
AGGAGAGTCTGGCTAC-1,1,26,126,4381,10871
AGGATCACGCGATCTG-1,1,48,16,7357,2304
AGGATTGCTTACGACA-1,1,30,120,4923,10404
AGGCAGATGCGTAAAC-1,1,26,86,4379,7756
AGGCCACCCGTTATGA-1,1,28,38,4648,4019
AGGCCCATTGTACAGG-1,1,15,55,2888,5344
AGGCCCTAGAACGCCA-1,1,45,25,6951,3005
AGGCGGTTTGTCCCGC-1,1,59,17,8847,2381
AGGCGTCTATGGACGG-1,1,16,112,3026,9782
AGGCTATGGTTAGCTT-1,1,26,30,4377,3396
AGGCTTGCTAGACACC-1,1,24,18,4105,2462
AGGGACCGGCTGCGTT-1,1,36,110,5735,9624
AGGGAGACATACTTCG-1,1,29,113,4787,9859
AGGGCGAGCAGCTGAT-1,1,44,20,6815,2616
AGGGCGTGATCGGCTA-1,1,17,45,3158,4565
AGGGTCAGTAACCCTA-1,1,15,113,2890,9860
AGGGTTCCCTTTGGTT-1,1,30,88,4921,7912
AGGGTTTAGTTCGGGA-1,1,33,63,5327,5965
AGGTAACCTCCTATTC-1,1,13,41,2616,4254
AGGTACGATATTGCCA-1,1,12,76,2482,6979
AGGTAGGTACAAAGCT-1,1,35,31,5596,3473
AGGTATAATTGATAGT-1,1,35,109,5600,9547
AGGTATGCGGACATTA-1,1,38,124,6007,10714
AGGTCAGGTGAGAGTG-1,1,46,20,7086,2616
AGGTCGCGGAGTTACT-1,1,26,104,4380,9158
AGGTGTATCGCCATGA-1,1,37,17,5867,2383
AGGTTCTCCTTTCCGG-1,1,66,8,9795,1680
AGGTTGAGGCACGCTT-1,1,22,74,3837,6822
AGTAATGTCTTGCCGC-1,1,16,60,3023,5733
AGTAATTTGCAAGCGT-1,1,69,9,10202,1758
AGTACATCATTTATCA-1,1,29,109,4787,9547
AGTACCTTCGAGTGCT-1,1,10,108,2212,9471
AGTACGGGCACCTGGC-1,1,25,79,4243,7212
AGTAGGAAGGAAGTTG-1,1,16,98,3025,8692
AGTAGGTAACATACAT-1,1,13,51,2616,5032
AGTATAATACTAGGCA-1,1,25,33,4241,3630
AGTATGCTGGAGACCA-1,1,58,26,8712,3082
AGTCAGCCACCGCCTG-1,1,16,28,3022,3241
AGTCCCGCCTTTAATT-1,1,17,93,3160,8302
AGTCCCTCGCAGAAAG-1,1,24,124,4110,10715
AGTCGGCCCAAACGAC-1,1,25,39,4242,4097
AGTCGGCTCAACTTTA-1,1,47,23,7222,2849
AGTCGGTTGCGTGAGA-1,1,40,112,6277,9780
AGTCGTGGGCATTACG-1,1,51,29,7764,3316
AGTCTAAAGTATACTC-1,1,29,111,4787,9703
AGTCTCACAAGACTAC-1,1,54,30,8170,3394
AGTCTTCTCCTCAAAT-1,1,24,66,4107,6199
AGTGAAGATGGTGTCC-1,1,21,121,3703,10482
AGTGAGACTTCCAGTA-1,1,35,87,5599,7834
AGTGAGCCTCGCCGCC-1,1,29,103,4786,9080
AGTGGCGGCAATTTGA-1,1,24,94,4109,8380
AGTGGCTCCGTCGGCC-1,1,40,12,6273,1993
AGTGGTGTTACCCGTG-1,1,47,9,7221,1759
AGTGTATTGCGCATTG-1,1,17,95,3160,8458
AGTGTGGTCTATTGTG-1,1,21,23,3699,2851
AGTTAAGCGGTCCCGG-1,1,16,80,3024,7290
AGTTAAGTCAACCGCT-1,1,51,25,7764,3005
AGTTACTCTATCGTGG-1,1,15,89,2889,7991
AGTTGCGGTCCTCAAC-1,1,70,10,10337,1835
AGTTTATGTAAAGACA-1,1,25,121,4245,10482
AGTTTCGCAGGTCGGA-1,1,12,62,2481,5889
AGTTTGGCCAGACCTA-1,1,47,31,7222,3472
ATAAATATTAGCAGCT-1,1,38,28,6003,3239
ATAACGCCGGAGGGTC-1,1,35,81,5598,7366
ATAACGGAGTCCAACG-1,1,25,75,4243,6900
ATAACGTTACCTCCAC-1,1,10,114,2213,9938
ATAAGTACCCGATTGT-1,1,9,113,2077,9860
ATAAGTAGGATTCAGA-1,1,27,103,4515,9080
ATAAGTAGGGCGACTC-1,1,36,108,5735,9469
ATAATAGTGTAGGGAC-1,1,18,30,3293,3397
ATACCACGGGCAACTT-1,1,35,29,5596,3318
ATACCAGGCTAATAGA-1,1,9,55,2075,5344
ATACCGTCATCCATAA-1,1,15,115,2890,10015
ATACGAAGGCTTTCCA-1,1,37,123,5871,10637
ATACGGAACGTCGTTT-1,1,56,22,8441,2771
ATACGGGTTTCGATTG-1,1,22,82,3837,7445
ATACTAGCATGACCCT-1,1,21,61,3701,5810
ATAGACAACGGGACCT-1,1,28,92,4650,8224
ATAGAGTACTGGGACA-1,1,26,48,4378,4798
ATAGAGTTATCAACTT-1,1,27,93,4515,8301
ATAGGCTAGCTTCGCA-1,1,25,97,4244,8613
ATAGGGATATCCTTGA-1,1,21,71,3701,6589
ATAGGTTGGGCAGATG-1,1,28,64,4649,6043
ATATAGAGTATTGGTC-1,1,63,11,9389,1914
ATATCAACCTACAGAG-1,1,37,105,5870,9235
ATATCAATTCCAGCCT-1,1,56,6,8440,1525
ATATCGGTAGGGAGAT-1,1,38,110,6006,9624
ATATCTCCCTCGTTAA-1,1,19,87,3431,7835
ATATGTGCACAAACCA-1,1,9,119,2077,10327
ATATTCCCACAGGTCA-1,1,11,59,2346,5655
ATATTGCTGTCAAAGT-1,1,18,32,3293,3552
ATCAATCTGGGCTGCA-1,1,33,65,5327,6121
ATCAATGCCGTGGCTG-1,1,61,19,9118,2537
ATCACATTAGAATATC-1,1,20,82,3566,7445
ATCACTTCATCCTCGC-1,1,21,67,3701,6277
ATCAGCTCGTCCACTA-1,1,49,15,7492,2226
ATCAGGTAGCTGACAG-1,1,33,127,5329,10948
ATCAGTAGGCAGGGAT-1,1,23,87,3973,7835
ATCATTGTACCGCATT-1,1,63,1,9388,1135
ATCCAACGCAGTCATA-1,1,25,37,4242,3941
ATCCAATGGAGGGTCC-1,1,43,27,6680,3161
ATCCCATCCACAGCGC-1,1,62,14,9254,2148
ATCCTGAATCGCTGCG-1,1,38,26,6002,3084
ATCCTGCTGCAGATAG-1,1,6,44,1668,4488
ATCGACTCTTTCCGTT-1,1,23,61,3972,5810
ATCGCACGCCGGGAGA-1,1,25,57,4242,5498
ATCGCTGCGTGCAGCA-1,1,23,111,3974,9703
ATCGCTTTACGTCTCA-1,1,35,125,5600,10793
ATCGGCAAGCAGTCCA-1,1,20,96,3567,8536
ATCTCCCTGCAATCTA-1,1,16,72,3024,6667
ATCTGCACCTCTGCGA-1,1,29,101,4786,8924
ATCTGGTTAAGACTGT-1,1,26,76,4379,6978
ATCTGTAATTGTACCC-1,1,15,57,2888,5499
ATCTTAGGGCATTAAT-1,1,69,11,10202,1913
ATCTTGACCTGCAACG-1,1,26,44,4377,4486
ATCTTGACTTGTCCAA-1,1,30,108,4922,9469
ATCTTTCGTATAACCA-1,1,26,120,4381,10404
ATGAAGCCAAGGAGCC-1,1,22,46,3836,4642
ATGACGCCGGCTCTAA-1,1,16,58,3023,5577
ATGACGCGTTCTATCC-1,1,52,30,7899,3394
ATGAGGAGTGTTAATC-1,1,25,35,4242,3785
ATGATCGGGAATAGAC-1,1,16,54,3023,5266
ATGCACGCGCTGTTCA-1,1,59,11,8847,1914
ATGCACTACCGCATTG-1,1,27,45,4513,4564
ATGCATGATCCAGGAT-1,1,25,65,4243,6121
ATGCCAATCGCTCTGC-1,1,15,105,2890,9237
ATGCCGGTCTTGCATA-1,1,31,75,5056,6900
ATGCCGGTTGATGGGA-1,1,19,83,3431,7523
ATGCGACAATTGGTCC-1,1,13,109,2619,9548
ATGCTCAGTGTTGCAT-1,1,21,29,3699,3319
ATGGAAATTTAAGGAG-1,1,53,7,8034,1603
ATGGAACCTTTGCACA-1,1,38,120,6007,10403
ATGGATCCGGCGTCCG-1,1,19,79,3431,7212
ATGGATTGACCAAACG-1,1,27,61,4514,5810
ATGGCAGCATTACGAT-1,1,64,18,9525,2459
ATGGCGGAATAGTCGC-1,1,34,124,5465,10715
ATGGTATTTACTGATT-1,1,69,13,10202,2069
ATGTAAGGCTGCTCTT-1,1,32,112,5193,9781
ATGTGAAAGCCTAATG-1,1,46,22,7086,2772
ATGTGCATCCGACGCA-1,1,23,57,3972,5499
ATGTTACGAGCAATAC-1,1,15,29,2886,3319
ATGTTCGTCGACCCAC-1,1,34,14,5460,2150
ATGTTTCGGCCCGGAG-1,1,33,125,5329,10793
ATTAATACTACGCGGG-1,1,22,66,3836,6200
ATTAATGAACCAGTCG-1,1,23,79,3972,7212
ATTAATTCGGTCACTC-1,1,14,66,2753,6200
ATTACGACTCCACAGT-1,1,19,121,3432,10482
ATTACGCGCTGGCAGG-1,1,40,30,6274,3395
ATTACGGGCTACGGTT-1,1,68,4,10066,1368
ATTACTAGCCTCTTGC-1,1,18,44,3294,4487
ATTACTTACTGGGCAT-1,1,22,100,3838,8847
ATTAGATTCCTCAGCA-1,1,25,105,4245,9236
ATTAGATTGATAGCGG-1,1,19,49,3429,4876
ATTATACTTTGCTCGT-1,1,18,78,3295,7134
ATTATAGCTACTTTAC-1,1,33,115,5329,10014
ATTATCTCGACAGATC-1,1,7,61,1804,5811
ATTATGAGACCCAATT-1,1,66,12,9795,1992
ATTATGCCATAGGGAG-1,1,21,53,3700,5187
ATTCAGGACCTATTTC-1,1,20,98,3567,8691
ATTCAGTAGCAGGGTC-1,1,27,25,4512,3007
ATTCCCACATAAACAA-1,1,26,24,4377,2929
ATTCCCGAAGGTACAG-1,1,60,0,8982,1058
ATTCCTAAGACGTGGA-1,1,15,107,2890,9392
ATTCCTCCGCCAGTGC-1,1,23,39,3971,4097
ATTCGACGCCGGGCCT-1,1,36,26,5731,3084
ATTCGCAGAGGACACT-1,1,14,126,2755,10872
ATTCGTGCTATCTCTT-1,1,42,110,6548,9624
ATTCTCGTCTCTTTAG-1,1,11,51,2345,5032
ATTGACCGGCGATGAC-1,1,20,114,3568,9937
ATTGATCACCACATTT-1,1,52,8,7898,1681
ATTGATGAGTCCTAAC-1,1,33,99,5328,8768
ATTGGGAATATCTTGG-1,1,12,52,2481,5110
ATTGTACAACTCGGCT-1,1,35,103,5599,9080
ATTGTCGCAATACCTT-1,1,15,85,2889,7679
ATTGTGACTTCGCTGC-1,1,11,109,2348,9548
ATTTAACTCGTATTAC-1,1,14,52,2752,5110
ATTTACAGTTTACTGG-1,1,30,38,4919,4019
ATTTACTAAGTCCATT-1,1,31,111,5058,9703
ATTTCATTATTTCGCG-1,1,14,78,2753,7134
ATTTGCGCGAGTAGCT-1,1,53,31,8035,3472
ATTTGGAGATTGCGGT-1,1,58,0,8711,1058
ATTTGTCTTGGGAGCT-1,1,40,84,6276,7600
ATTTGTTCCAGGGCTC-1,1,19,71,3430,6589
CAAACTACGATAGAGA-1,1,12,84,2482,7602
CAAACTATTGAGCTTC-1,1,11,75,2346,6901
CAAAGATTATTGGGCC-1,1,56,30,8441,3394
CAAATCTCTCACAAGG-1,1,44,24,6815,2928
CAAATTGGATTATGCC-1,1,22,116,3839,10093
CAAATTGTCAGCAAGC-1,1,13,67,2617,6278
CAACACATCTCCTGCC-1,1,32,120,5194,10403
CAACCTGAACCTGCCA-1,1,25,123,4245,10638
CAACGACCCGTTTACA-1,1,20,50,3565,4954
CAACGGTTCTTGATAC-1,1,18,38,3293,4020
CAACTATATCGAATGC-1,1,15,79,2889,7212
CAACTCCGTAACTTGC-1,1,13,119,2619,10327
CAACTCCTTGATCCCG-1,1,18,46,3294,4643
CAACTGAGGGTATGAC-1,1,10,120,2213,10405
CAAGACTCAGAAGCGC-1,1,30,126,4923,10871
CAAGCACCAAATGCCT-1,1,18,66,3294,6200
CAAGGTCCTATAGGCT-1,1,34,110,5464,9625
CAATAAACCTTGGCCC-1,1,26,74,4379,6822
CAATACGCTCTGAGGC-1,1,40,10,6273,1838
CAATGAGGTTCGACTA-1,1,29,119,4787,10326
CAATGGATCTCTACCA-1,1,28,86,4650,7756
CAATGTGCCAACCCTT-1,1,37,115,5871,10014
CAATTAAGGGTGATGA-1,1,29,65,4785,6121
CAATTGGGCCGCACTC-1,1,56,4,8440,1369
CACAAGAAAGATATTA-1,1,14,112,2755,9782
CACAAGCTAAGAAAGG-1,1,67,15,9931,2225
CACACAGGGATAGATT-1,1,25,27,4241,3163
CACACTTGTATTGCGA-1,1,10,116,2213,10094
CACAGAGACGAGGACG-1,1,64,20,9525,2615
CACAGCACCCACGGCA-1,1,31,59,5055,5654
CACAGCTAGGGAGTGA-1,1,20,60,3565,5732
CACATTCTTTCGATGG-1,1,18,90,3296,8069
CACCAATCATCCGTCT-1,1,54,4,8169,1370
CACCAGTCAGCATGCA-1,1,60,22,8983,2771
CACCATCGGAGGAGAC-1,1,11,61,2346,5811
CACCATGATCGCAAAG-1,1,12,114,2484,9938
CACCCAAATCTTATGT-1,1,35,105,5599,9235
CACCCACACGTCACCC-1,1,17,43,3158,4409
CACCCACGAGGCAATT-1,1,20,86,3566,7757
CACCCTTGGTGAGACC-1,1,50,16,7628,2304
CACCCTTTCCTCGCTC-1,1,8,40,1939,4176
CACCGCCAGAAGGTTT-1,1,27,59,4514,5654
CACCGCCGACCAGCGA-1,1,9,67,2075,6278
CACCGCGTCCACTCTA-1,1,16,104,3025,9159
CACCGGTAGAGACATT-1,1,66,16,9796,2303
CACCGTTGCGCGATAT-1,1,47,29,7222,3317
CACCTAATCAGTTTAC-1,1,20,72,3566,6667
CACCTCGATGGTGGAC-1,1,18,70,3295,6511
CACCTTGCGAAACTCG-1,1,24,84,4108,7601
CACGAAAGTTAGTCCC-1,1,33,29,5325,3318
CACGCACAGCGCAGCT-1,1,24,72,4108,6667
CACGGACGTGGATGGC-1,1,23,123,3974,10638
CACGGCGCGCCAAAGG-1,1,15,103,2890,9081
CACGTTCGTGCTCTAG-1,1,37,81,5869,7366
CACTCAGCTCTTGAGG-1,1,11,71,2346,6590
CACTCCTCTCGGTCGG-1,1,15,87,2889,7835
CACTCGGTTAGGAGGA-1,1,35,13,5595,2072
CACTGTCCAAGTGAGA-1,1,19,43,3429,4409
CACTTCGCCACAGGCT-1,1,21,31,3699,3474
CAGACCTGTAAGTGTT-1,1,31,99,5057,8768
CAGAGCATGAGCTTGC-1,1,26,70,4379,6511
CAGAGTGATTTAACGT-1,1,9,69,2075,6434
CAGATACTAACATAGT-1,1,26,46,4378,4642
CAGATCATTTAAAGTC-1,1,22,108,3838,9470
CAGATCCTGGTTTGAA-1,1,55,17,8305,2382
CAGATGTTTGTCCCAA-1,1,52,2,7898,1214
CAGCAGCCCGTTCCTT-1,1,28,78,4650,7133
CAGCCTCCTGCAGAGG-1,1,23,77,3972,7056
CAGCCTCTCCTCAAGA-1,1,15,95,2889,8458
CAGCTCGACAAGTTAA-1,1,28,90,4650,8068
CAGCTCGTGCTTGTGT-1,1,14,42,2752,4331
CAGCTGGCGTAACCGT-1,1,48,22,7357,2772
CAGCTTAGTAGGTAGC-1,1,32,28,5190,3240
CAGGAAGACTTTATAT-1,1,13,85,2618,7680
CAGGACAGCTGCCCTT-1,1,35,127,5600,10948
CAGGCGCACGGTGGTC-1,1,56,28,8441,3238
CAGGTTTAGTACTACA-1,1,13,125,2620,10794
CAGTAACTATTTATTG-1,1,19,101,3431,8925
CAGTAAGGGACGTCTC-1,1,64,4,9524,1369
CAGTAATCCCTCCCAG-1,1,21,25,3699,3007
CAGTACATTCTCTAAA-1,1,20,102,3567,9003
CAGTACCAGTTTACGT-1,1,48,18,7357,2460
CAGTAGCCCACGCGGT-1,1,25,91,4244,8146
CAGTCGAGGATGCAAT-1,1,25,99,4244,8769
CAGTGAATAAATGACT-1,1,25,83,4244,7523
CAGTGTCCGCAGAATG-1,1,15,37,2887,3942
CAGTGTTAATCTCTCA-1,1,70,16,10338,2303
CAGTTCAAATTGACAC-1,1,29,51,4784,5031
CAGTTCCGCGGGTCGA-1,1,26,26,4377,3085
CATAAGCTCTCCGTCT-1,1,42,14,6544,2149
CATAATGAGCGGGCGA-1,1,6,46,1668,4643
CATACAAAGCCGAACC-1,1,13,35,2616,3786
CATACACAAAGTCAGC-1,1,56,0,8440,1058
CATACCCGTACCCAGT-1,1,37,31,5867,3473
CATACTTAGGCAATAC-1,1,37,113,5871,9858
CATAGCCGCCCGGGAT-1,1,26,22,4376,2773
CATAGTACATTGAGAG-1,1,15,77,2889,7057
CATAGTAGCATAGTAG-1,1,19,45,3429,4565
CATAGTCCACAAGAAC-1,1,45,31,6951,3473
CATATACTACTGATAA-1,1,18,102,3296,9003
CATATGTCAGGCTACG-1,1,48,24,7357,2927
CATCAAACTGGCGCCC-1,1,15,117,2890,10171
CATCATCTACCCGGAC-1,1,11,69,2346,6434
CATCGCCCGCGGCCAA-1,1,14,44,2752,4487
CATCTATCCCGTGTCT-1,1,18,100,3296,8847
CATGAACCGACATTTG-1,1,11,43,2345,4409
CATGACTTCGCTGAAT-1,1,40,106,6277,9313
CATGATGCACAATTCT-1,1,21,69,3701,6433
CATGCCAACTCGCAAA-1,1,43,21,6680,2694
CATGCGACCAGTTTAA-1,1,26,98,4380,8691
CATGCGTTAGACAGAA-1,1,15,63,2888,5966
CATGCTGGCTCCAATT-1,1,12,60,2481,5733
CATGGCAGGAAGATCG-1,1,17,57,3159,5499
CATGGGTCGGGTGTGG-1,1,21,85,3702,7679
CATGGTATTAGTTTGT-1,1,59,7,8847,1603
CATGGTCTAGATACCG-1,1,26,66,4378,6199
CATGTAGGAGCGCCAA-1,1,15,111,2890,9704
CATTACATAGATTGTG-1,1,27,117,4516,10170
CATTACGTCGGCCCGT-1,1,19,65,3430,6122
CATTATGCTTGTTGTG-1,1,26,52,4378,5109
CATTCCCATTCCGTCG-1,1,32,118,5194,10248
CATTGATGAACACGCC-1,1,23,119,3974,10326
CATTGCGAAATGGGCG-1,1,36,12,5731,1994
CATTGCGGGTCAATTC-1,1,25,115,4245,10015
CATTTAGCGGACCATG-1,1,25,85,4244,7679
CCAAACAGAACCCTCG-1,1,22,48,3836,4798
CCAACGCTTGCCAGGG-1,1,10,100,2212,8848
CCAAGACTTCTGCGAA-1,1,20,62,3565,5888
CCAAGCGTAACTCGTA-1,1,33,71,5327,6588
CCAAGGAACAGAGAGG-1,1,14,48,2752,4799
CCAATCGGTAGATCGA-1,1,14,84,2753,7602
CCAATTACGGGTCGAG-1,1,19,93,3431,8302
CCAATTGAATGTTAAT-1,1,20,46,3565,4642
CCACAATGTACGTCTT-1,1,29,85,4786,7678
CCACATGGCTCTTTAT-1,1,55,5,8305,1447
CCACGAATTTAACCTC-1,1,41,109,6412,9546
CCACGAGAAGAGAATC-1,1,17,75,3159,6901
CCACGGAGCCATAAGA-1,1,47,27,7222,3161
CCACGGTGCCCGGTAG-1,1,35,107,5599,9391
CCACGTAAATTAGACT-1,1,34,122,5465,10559
CCACTATCCGGGTCAC-1,1,30,116,4922,10092
CCACTGGTGGCTGGTT-1,1,39,21,6138,2694
CCAGAGACAAAGCCGG-1,1,23,21,3970,2696
CCAGATAGTTGAGTGA-1,1,28,84,4650,7601
CCAGATGTAAATGGGT-1,1,19,123,3432,10638
CCAGCGGGATCACCAG-1,1,32,124,5194,10715
CCAGCTGATGGTACTT-1,1,37,21,5867,2694
CCAGCTTCCGCCCGCA-1,1,29,17,4783,2384
CCAGGGACGTGGCCTC-1,1,27,53,4513,5187
CCAGTAGTCTGATCCA-1,1,27,91,4515,8146
CCAGTCAAATCTCTTA-1,1,42,8,6544,1682
CCAGTCTAGACGGCGC-1,1,24,86,4108,7757
CCATAAACAACCCGAC-1,1,14,76,2753,6979
CCATAACCTGTGCAGT-1,1,51,5,7763,1448
CCATACCTTTACTTGT-1,1,30,102,4922,9002
CCATAGAGGCTGCCAG-1,1,60,4,8982,1369
CCATAGGTTGGCGTGG-1,1,18,62,3294,5888
CCATCCATACCAAGTC-1,1,14,38,2751,4020
CCATCTTGTTCACAAT-1,1,7,41,1803,4254
CCATGCTCTGCAGGAA-1,1,21,43,3700,4409
CCATGGCCCTTGTACC-1,1,32,22,5189,2773
CCATTGTTTCCTCCAT-1,1,29,123,4787,10637
CCCAACCACACTAACA-1,1,8,66,1940,6201
CCCAATTTCACAACTT-1,1,39,33,6138,3629
CCCACTCCACGGTATC-1,1,49,3,7492,1292
CCCAGAGGAGGGCGTA-1,1,21,105,3703,9236
CCCAGTAAACTTGGGA-1,1,52,12,7899,1993
CCCGAAGTTTCGCGAA-1,1,45,11,6950,1915
CCCGACCATAGTCCGC-1,1,20,74,3566,6823
CCCGATAGCCTCGCCT-1,1,37,127,5871,10948
CCCGCAGGGCCCAAAG-1,1,11,79,2347,7213
CCCGCCATGCTCCCGT-1,1,19,41,3429,4253
CCCGCGCAATGCACCC-1,1,19,23,3428,2852
CCCGGTGGAAGAACCT-1,1,25,21,4241,2695
CCCGGTGTATCGGAAT-1,1,53,17,8034,2382
CCCGTAAGTCTAGGCC-1,1,40,28,6274,3239
CCCGTCAGCGTCTGAC-1,1,23,51,3971,5031
CCCTATGTAGAGCAGA-1,1,60,24,8983,2926
CCCTCATTCTGGAATT-1,1,16,44,3023,4487
CCCTGACTAACAAATT-1,1,38,12,6002,1994
CCCTGCCCAATCCGCT-1,1,41,19,6409,2538
CCCTGCGCTACGCATA-1,1,34,24,5460,2928
CCCTGGCTGTTCCTTC-1,1,47,5,7221,1448
CCGAAAGTGGTGAGCA-1,1,17,27,3157,3163
CCGAACACTGGGCCTC-1,1,44,18,6815,2460
CCGAAGCATTGACCAA-1,1,61,5,9118,1447
CCGAAGGGCGTACCGC-1,1,29,125,4787,10793
CCGAAGTATATTGTTC-1,1,22,22,3835,2773
CCGACAAAGGGAGTGC-1,1,33,21,5325,2695
CCGACGGGCATGAGGT-1,1,54,26,8170,3083
CCGACGTAAACACAAC-1,1,13,97,2618,8614
CCGAGCTGTGCTTGTC-1,1,18,112,3296,9782
CCGATCTTAAGAGGCT-1,1,10,122,2213,10561
CCGATTCGAGGGACCC-1,1,38,20,6002,2617
CCGCACAAAGACCAAC-1,1,36,76,5734,6977
CCGCACGTGACCTCGG-1,1,28,26,4648,3084
CCGCCGGAACTTCTCG-1,1,54,12,8170,1992
CCGCCGGTCAACACAC-1,1,13,55,2617,5344
CCGCCTGCGAATTGGT-1,1,15,97,2889,8614
CCGCCTTGCGATGTCG-1,1,43,7,6679,1604
CCGCGCAAGATACCCA-1,1,63,3,9389,1291
CCGCGGGTACGAAGAA-1,1,32,26,5190,3084
CCGCGTAGGTAAGGGC-1,1,30,22,4918,2773
CCGCTTGCTGACATGG-1,1,27,113,4516,9859
CCGGAATGGTTTCAGT-1,1,24,32,4106,3552
CCGGAGGTCTTATGGT-1,1,18,118,3297,10249
CCGGCACGACCGTTTC-1,1,35,111,5600,9702
CCGGCCGCGAGCATAT-1,1,58,2,8711,1213
CCGGCGCATATTGGAT-1,1,14,56,2752,5421
CCGGCGTGAGACTCTG-1,1,47,11,7221,1915
CCGGGACCCGCAGAGA-1,1,16,52,3023,5110
CCGGGCGGTCTCGTCA-1,1,32,76,5192,6977
CCGGGCTGCTCCATAC-1,1,36,86,5734,7756
CCGGGTTCGAGGTTAC-1,1,38,32,6003,3551
CCGGTAATGGCTAGTC-1,1,38,114,6006,9936
CCGTAAGTTGGTCCCA-1,1,33,77,5327,7055
CCGTATCTCGTCGTAG-1,1,53,27,8035,3160
CCGTATTAGCGCAGTT-1,1,17,111,3161,9704
CCGTCAACCTCTGGCG-1,1,68,14,10066,2147
CCGTGAGGCATTCATG-1,1,36,120,5736,10403
CCGTGCCCATGACGGC-1,1,12,48,2481,4799
CCGTGGAACGATCCAA-1,1,24,106,4109,9314
CCGTTACGTTAGAACA-1,1,20,88,3566,7913
CCGTTCCGAATCTCGG-1,1,40,22,6273,2772
CCTAAAGGCTGACGCT-1,1,14,82,2753,7446
CCTAACTAAGGCTCTA-1,1,21,93,3702,8302
CCTACAAGTCCGGAAT-1,1,9,105,2077,9237
CCTACATTCACAGACG-1,1,51,33,7764,3628
CCTACGGCTCAGTCGA-1,1,16,32,3022,3553
CCTACTGCGGCGGCCA-1,1,22,126,3839,10871
CCTACTGCTTACACTT-1,1,27,49,4513,4875
CCTAGGCGTAGCGATC-1,1,36,88,5734,7911
CCTAGGTAAAGGTAGC-1,1,51,11,7763,1915
CCTAGTTAGTCGCATG-1,1,12,72,2482,6667
CCTATATCGTGTCACG-1,1,60,10,8982,1836
CCTATCTATATCGGAA-1,1,19,77,3430,7056
CCTATGAAGTGGTGCC-1,1,37,111,5871,9702
CCTATGGGTTACCGTC-1,1,29,69,4785,6433
CCTATTATTCCGGCCG-1,1,65,3,9660,1291
CCTCACCAATCTTGAC-1,1,17,35,3158,3786
CCTCACCTGAGGGAGC-1,1,28,102,4651,9002
CCTCACCTTAGCATCG-1,1,27,97,4515,8613
CCTCCCGACAATCCCT-1,1,9,63,2075,5967
CCTCCGACAATTCAAG-1,1,33,33,5325,3629
CCTCCTAGCTAGAGTC-1,1,67,13,9931,2069
CCTCGAAGTGGACGGG-1,1,15,71,2888,6589
CCTCGCCAGCAAATTA-1,1,18,74,3295,6823
CCTCGCGCGATATAGG-1,1,21,95,3702,8458
CCTCGGACCGGGATAG-1,1,41,85,6411,7678
CCTCTAATCTGCCAAG-1,1,23,73,3972,6744
CCTCTATCGATTAGCA-1,1,52,26,7899,3083
CCTCTGGCCTAGACGG-1,1,15,75,2888,6901
CCTGAACGATATATTC-1,1,37,85,5870,7678
CCTGAATATTTACATA-1,1,23,71,3972,6589
CCTGCGTTCTACGCTT-1,1,32,14,5189,2150
CCTGCTATTTGAGAAG-1,1,26,50,4378,4953
CCTGGAAACGTTCTGC-1,1,39,113,6142,9858
CCTGTACTCACGCCCA-1,1,40,24,6273,2928
CCTGTCACCCGGGCTC-1,1,29,67,4785,6277
CCTGTCCCTCACGTTA-1,1,36,114,5735,9936
CCTGTCGTGTATGAAG-1,1,70,8,10337,1680
CCTTCTCAGCGTTCCT-1,1,43,15,6679,2227
CCTTCTTGATCCAGTG-1,1,19,73,3430,6745
CCTTTCAATGAAGAAA-1,1,25,95,4244,8457
CCTTTGAATTATGGCT-1,1,58,6,8711,1525
CGAAACATAGATGGCA-1,1,11,77,2347,7057
CGAAACGCAATTCATG-1,1,41,33,6409,3629
CGAACATAGTCAGAAA-1,1,9,115,2077,10016
CGAACGCCCAGTGCCG-1,1,14,70,2753,6512
CGAACGGCCGGACAAC-1,1,47,15,7221,2227
CGAAGCCACAGCATGG-1,1,72,8,10608,1680
CGAAGCTATAAATTCA-1,1,19,105,3432,9236
CGAAGGGTTTCAGATT-1,1,66,14,9795,2147
CGAAGTTGCTCTGTGT-1,1,33,35,5325,3785
CGAATGAAGTCATTGC-1,1,62,20,9254,2615
CGACACCGCTTAAGGA-1,1,10,118,2213,10249
CGACATGCGATCTTCT-1,1,8,64,1940,6045
CGACCCTTAACGCCGG-1,1,48,12,7357,1993
CGACGCATCCGTACCT-1,1,50,10,7628,1837
CGACTCAGGATGTTAT-1,1,23,89,3973,7990
CGACTCGGTACACGGT-1,1,11,123,2349,10639
CGACTTTGTATAGCCT-1,1,33,109,5329,9547
CGAGAGATGTGAACCT-1,1,29,73,4785,6744
CGAGAGCGCGTAGATA-1,1,45,7,6950,1604
CGAGATTTCGCTCGGG-1,1,42,116,6548,10091
CGAGCACTTCAAGTTT-1,1,23,25,3970,3007
CGAGCGTTGATCAGCC-1,1,12,46,2481,4643
CGAGCTGGGCTTTAGG-1,1,17,67,3159,6278
CGAGGAGCTTCCATAT-1,1,23,117,3974,10171
CGAGGATCGGGAACGA-1,1,28,118,4652,10248
CGAGGCTAAATATGGC-1,1,29,71,4785,6588
CGAGGGACTGCGGTCG-1,1,38,78,6005,7133
CGAGTGAAGGTACCAG-1,1,55,29,8306,3316
CGAGTTCTGTCCCACC-1,1,27,85,4515,7679
CGATAGCGATACAGTG-1,1,66,10,9795,1836
CGATCATTAGAGGCAC-1,1,12,122,2484,10561
CGATCTGTTGGAGGAC-1,1,46,24,7086,2927
CGATGGACCCTACGCC-1,1,22,96,3838,8535
CGATGTTGTTATCTAC-1,1,58,12,8712,1992
CGCAAACACGAGTTAC-1,1,27,37,4513,3941
CGCAATTACTTTCGGT-1,1,23,33,3970,3630
CGCAATTCTACAATAA-1,1,26,28,4377,3240
CGCACATGTCCACTAC-1,1,39,87,6141,7833
CGCAGAAACATTTGCG-1,1,8,58,1939,5578
CGCAGATCTTCACCCG-1,1,25,113,4245,9859
CGCATCCATCAGCCAG-1,1,28,116,4651,10092
CGCATTAGCTAATAGG-1,1,27,57,4513,5498
CGCCAAGAAGCCGAGT-1,1,39,17,6138,2383
CGCCACAGGTCGCGAT-1,1,49,9,7492,1759
CGCCAGTAGTACCTTG-1,1,74,8,10879,1679
CGCCATCCGATTATGA-1,1,24,80,4108,7289
CGCCCGCTTCCGTACA-1,1,18,80,3295,7290
CGCCCTAATTGTTCAA-1,1,67,11,9931,1914
CGCCCTTGAAGGCTGA-1,1,24,20,4105,2618
CGCCGCCCATGCCTGT-1,1,39,83,6140,7522
CGCCGTCTACCCATCG-1,1,38,122,6007,10559
CGCCTGGCCTACGTAA-1,1,41,27,6409,3161
CGCGAGAGGGACTTGT-1,1,16,108,3025,9470
CGCGAGTCTGCCGGGT-1,1,52,20,7899,2615
CGCGCAAATGTCCAGA-1,1,56,24,8441,2927
CGCGCCCGACTTAATA-1,1,21,75,3701,6900
CGCGGGAATTAGGCAG-1,1,28,80,4650,7289
CGCGGTAAGTCTAGCT-1,1,30,118,4923,10248
CGCGGTCACAAACCAA-1,1,18,106,3296,9314
CGCGTGGGCCTGTGTT-1,1,70,2,10337,1213
CGCGTTCATGAAATAC-1,1,27,51,4513,5031
CGCTATACCGCCCACT-1,1,14,36,2751,3864
CGCTATTCAATGTATG-1,1,19,31,3428,3474
CGCTCGACATAATGAT-1,1,21,45,3700,4564
CGCTGTGACGCCGCAC-1,1,25,47,4242,4720
CGCTTATTCCCGGTCG-1,1,42,30,6545,3395
CGCTTCCACTGAAATC-1,1,18,42,3293,4331
CGCTTTCATACCGGTG-1,1,14,50,2752,4954
CGGAGTTTGAGAGACA-1,1,30,34,4919,3707
CGGCCCAACCTGTAGT-1,1,28,112,4651,9781
CGGCTTTGTATGATAA-1,1,8,56,1939,5422
CGGGAACGCCCTGCAT-1,1,71,9,10473,1758
CGGGAAGTACCGTGGC-1,1,70,12,10337,1991
CGGGATCAATGTAAGA-1,1,23,59,3972,5654
CGGGCAGCTAAACCGC-1,1,32,56,5191,5420
CGGTACGGCAAACCCA-1,1,53,1,8034,1136
CGGTAGAGGTGCAGGT-1,1,22,92,3838,8224
CGGTATAGGTATTAGC-1,1,11,99,2348,8770
CGGTCAAGTGGGAACC-1,1,26,80,4379,7289
CGGTCCATGAGACTCC-1,1,20,118,3568,10249
CGGTCTATCAACCCGT-1,1,18,82,3295,7446
CGGTGAAGACTAAAGT-1,1,35,23,5596,2850
CGGTGGGCTCCAGCCT-1,1,15,99,2889,8770
CGGTGTACTTGATCCC-1,1,17,31,3158,3475
CGGTTATCCAACAGTG-1,1,30,98,4922,8691
CGGTTCAAGTAGGTGT-1,1,24,98,4109,8691
CGGTTGACCTGGCATA-1,1,39,25,6138,3006
CGGTTGGGTTCAAGTT-1,1,8,100,1941,8848
CGGTTTACTGAACATT-1,1,66,2,9795,1213
CGGTTTATGAAGGAAC-1,1,10,104,2212,9159
CGTACCTGATAGGCCT-1,1,22,68,3837,6355
CGTAGCGAATTGTCAG-1,1,13,71,2617,6589
CGTAGCGCCGACGTTG-1,1,7,53,1804,5188
CGTATTGTTTCCTAAT-1,1,23,125,3974,10793
CGTCAAATGGTCGCAG-1,1,20,124,3568,10716
CGTCAAGGCTATAAAT-1,1,30,14,4918,2150
CGTCAGTGCGCACAAG-1,1,11,49,2345,4877
CGTCGGGTCTAAGCGC-1,1,54,22,8170,2771
CGTCTGGAAGGGCCCG-1,1,16,62,3023,5888
CGTCTTGAGTGTGACG-1,1,41,125,6413,10792
CGTGACATTGGGTCGT-1,1,15,83,2889,7524
CGTGCATTGTCGACGC-1,1,39,31,6138,3473
CGTGTCCCATTCGCGA-1,1,28,40,4648,4175
CGTGTGTTAAACCCTG-1,1,32,116,5193,10092
CGTTCATGGTGCGCGT-1,1,48,20,7357,2616
CGTTCTTCGCACACCT-1,1,19,109,3432,9548
CGTTGAGTAATTGCGT-1,1,11,101,2348,8926
CGTTGTAAGATTGATT-1,1,26,108,4380,9470
CGTTTAAGCGGAGCAC-1,1,13,59,2617,5655
CGTTTACAAGGCAGCT-1,1,21,117,3703,10171
CGTTTCACTTCGGGCG-1,1,18,92,3296,8224
CTAAAGAATGCCTACT-1,1,36,36,5732,3863
CTAAATCCTATTCCGG-1,1,26,84,4379,7601
CTAACAGCACAATAAC-1,1,61,1,9118,1135
CTAACCGCGCGCCCGT-1,1,37,35,5867,3785
CTAACGAAACTTGCTG-1,1,30,94,4922,8379
CTAATTATGAAGCGTA-1,1,11,121,2348,10483
CTAATTCGCACGCGCT-1,1,28,34,4648,3707
CTAATTCTCAGATATT-1,1,27,105,4516,9236
CTAATTTCAACAACAC-1,1,21,27,3699,3163
CTACATATCGCGGGAC-1,1,68,12,10066,1991
CTACGACTAGCTATAA-1,1,38,24,6002,2928
CTACGCCATTTCCGAT-1,1,12,80,2482,7290
CTACTATCATAGGTTT-1,1,53,25,8035,3005
CTACTATCTTTCAGAG-1,1,29,93,4786,8301
CTACTCTAGGCCCGGC-1,1,31,25,5054,3006
CTACTGCCACCTGACC-1,1,27,63,4514,5966
CTAGACTGCATTTCGT-1,1,10,96,2212,8536
CTAGATGTGAGTGTAA-1,1,33,103,5328,9080
CTAGCATAGTATAATG-1,1,34,66,5462,6199
CTAGCCGATGTTATGA-1,1,23,101,3973,8925
CTAGGTCTGAAGGAAT-1,1,36,104,5735,9157
CTAGTATTCGGAATTA-1,1,14,80,2753,7290
CTAGTTGGGCCCGGTA-1,1,26,68,4378,6355
CTATAAGAGCCAATCG-1,1,26,100,4380,8847
CTATAAGTAGGGTTTG-1,1,73,11,10744,1913
CTATACTTAAAGCGAG-1,1,62,4,9253,1369
CTATGTCACTAGCCCA-1,1,30,66,4920,6199
CTATGTCTATTGAAAC-1,1,11,55,2346,5344
CTATGTGAGTCACGGC-1,1,45,17,6950,2382
CTATTGTGTTTGGTCA-1,1,13,101,2619,8925
CTATTTGGTTACGGAT-1,1,36,82,5734,7444
CTCAAGACATTAGCGC-1,1,14,102,2754,9003
CTCACACGCAAGCCTA-1,1,18,122,3297,10560
CTCACTTGGCTGGTAA-1,1,40,26,6273,3084
CTCAGGACTCACCTGT-1,1,16,30,3022,3397
CTCAGTCACGACAAAT-1,1,24,96,4109,8535
CTCATCACTTAGTGAT-1,1,28,124,4652,10715
CTCATGGCTCACAATC-1,1,13,63,2617,5967
CTCATGGTAATTTGCG-1,1,50,26,7628,3083
CTCATTAACGTTGCCC-1,1,29,127,4787,10949
CTCATTTGATGGGCGG-1,1,22,62,3836,5888
CTCCCTCCTTTCGATC-1,1,51,23,7764,2849
CTCCCTTGTATCAAGG-1,1,75,9,11015,1757
CTCCGGCCTAATATGC-1,1,19,59,3430,5655
CTCCTTTACGCAAGTC-1,1,23,109,3974,9548
CTCGAGACATACGATA-1,1,55,7,8305,1603
CTCGAGGTCGAACAGT-1,1,29,59,4785,5654
CTCGATATTTGCGAGC-1,1,23,99,3973,8769
CTCGCACCTATATAGT-1,1,24,68,4107,6355
CTCGCATTGCATAGCC-1,1,60,12,8983,1992
CTCGGGATAACACCTA-1,1,31,121,5058,10481
CTCGGTACCACTGCTC-1,1,41,81,6411,7366
CTCGGTCCGTAGCCTG-1,1,18,50,3294,4954
CTCGGTTGTCGGCCCT-1,1,56,26,8441,3082
CTCGTCGAGGGCTCAT-1,1,60,18,8983,2459
CTCGTTTCTAATGTTT-1,1,22,104,3838,9158
CTCTAATGCATTGATC-1,1,24,110,4109,9625
CTCTACACTGGCGATT-1,1,43,17,6679,2383
CTCTCACAATCGATGA-1,1,32,70,5191,6510
CTCTCTAACTGCCTAG-1,1,57,21,8576,2693
CTCTGCGAAGCAAGCA-1,1,12,50,2481,4954
CTCTGGACGCCTGGTG-1,1,32,62,5191,5887
CTCTGTTTGAGGATTC-1,1,14,72,2753,6667
CTGAAAGAGATCCGAC-1,1,19,69,3430,6433
CTGAATTTATTGCCAG-1,1,22,106,3838,9314
CTGACTGCGCAGCTCG-1,1,31,101,5057,8924
CTGAGCGAGACTTATT-1,1,31,125,5058,10793
CTGATAGTGTATCTCA-1,1,32,16,5189,2306
CTGCACCTAGTCCACA-1,1,29,117,4787,10170
CTGCACCTGGAACCGC-1,1,15,49,2887,4876
CTGCCAAGGTTGGAAG-1,1,21,77,3701,7056
CTGCCTCATATGCAAC-1,1,33,121,5329,10481
CTGCGGGTGAAATGTT-1,1,31,23,5054,2851
CTGCGTTACGATATAA-1,1,16,90,3025,8069
CTGCTTTATGTCCGCG-1,1,20,112,3567,9781
CTGGAAATGGATGCTT-1,1,29,53,4784,5187
CTGGACGCAGTCCGGC-1,1,51,13,7763,2071
CTGGCATCCGAATGAG-1,1,48,26,7357,3083
CTGGCGACATAAGTCC-1,1,17,81,3160,7368
CTGGCGCACAGGTCTG-1,1,37,89,5870,7989
CTGGCGGGAATAAGTA-1,1,20,22,3564,2774
CTGGGATAAATAATGG-1,1,38,84,6005,7600
CTGGGATACGCTACCC-1,1,37,117,5871,10169
CTGGGCCTGCTATATC-1,1,44,30,6816,3395
CTGGGTTGAGTTAAAG-1,1,53,11,8034,1915
CTGGTAACGAGCTCTT-1,1,29,97,4786,8613
CTGGTCATTCCAATCC-1,1,23,15,3970,2228
CTGGTGAATGGGCCTA-1,1,65,19,9660,2537
CTGGTTCGCGAGCTAC-1,1,42,124,6549,10714
CTGTATGGTGTAGAAA-1,1,20,32,3564,3552
CTGTCAAATGGCTCGG-1,1,23,83,3973,7523
CTGTCACGCCAGGCGC-1,1,10,98,2212,8692
CTGTTCACTGCCTGTG-1,1,22,56,3836,5421
CTGTTCATCTCACGGG-1,1,22,34,3835,3708
CTTAACTTCGAAGTAC-1,1,11,63,2346,5967
CTTAAGCAGCGAGCCG-1,1,51,3,7763,1292
CTTACACTGGGAAATA-1,1,16,48,3023,4798
CTTAGCCTTCCACATG-1,1,22,78,3837,7134
CTTAGGTATAGACCAG-1,1,63,15,9389,2225
CTTAGGTCCCAATCGT-1,1,23,127,3975,10949
CTTAGTAGGCCTACAG-1,1,32,102,5193,9002
CTTATGCGCTCAGGGC-1,1,43,11,6679,1915
CTTCAGTGGTCGCCTA-1,1,54,18,8170,2460
CTTCATAGCTCAAGAA-1,1,19,37,3429,3942
CTTCTATGTTGAAGTA-1,1,46,28,7086,3239
CTTCTTACGTCGTATA-1,1,14,60,2752,5733
CTTGACCCGAAAGATA-1,1,9,57,2075,5500
CTTGCAACCGCCTCCT-1,1,43,25,6680,3005
CTTGTACTTGTTGACT-1,1,21,51,3700,5032
CTTGTGCTCACCGATT-1,1,22,94,3838,8380
CTTGTTGCTGAGTCAA-1,1,38,80,6005,7288
CTTGTTTATGTAGCCA-1,1,18,28,3293,3241
CTTTAACTTTCAAAGG-1,1,23,67,3972,6277
CTTTAGGAACACTGTT-1,1,41,87,6412,7833
CTTTGGCGCTTTATAC-1,1,32,18,5189,2461
CTTTGTCGAATGCTCC-1,1,57,7,8576,1603
GAAACAGCCATGCAGT-1,1,13,61,2617,5811
GAAACATAGGAAACAG-1,1,60,20,8983,2615
GAAACCATGGTGCGCT-1,1,27,109,4516,9547
GAAACTCGTGCGATGC-1,1,28,24,4648,2929
GAAACTCTAATGAAGG-1,1,13,73,2617,6745
GAAAGAACAGCGTTAT-1,1,37,103,5870,9079
GAAAGCCCTTTGGACC-1,1,35,21,5596,2695
GAAAGTGACTAACTGC-1,1,25,31,4241,3474
GAAATATCACCATCAG-1,1,33,23,5325,2851
GAAATATGCTTGAATG-1,1,16,110,3025,9626
GAAATCGCGCGCAACT-1,1,18,68,3295,6356
GAAATGGCGGTGTTAG-1,1,30,52,4920,5109
GAAATTAGCACGGATA-1,1,18,96,3296,8536
GAAATTCACATCGCTG-1,1,13,49,2616,4876
GAACACACATCAACCA-1,1,22,50,3836,4954
GAACATTAGTATGTTA-1,1,14,122,2755,10561
GAACCTCGACCTACAC-1,1,41,9,6408,1760
GAACGACCGAATGATA-1,1,19,63,3430,5966
GAACGATAAGTTAAAG-1,1,27,123,4516,10637
GAACGTTAGGAAGACG-1,1,33,15,5325,2228
GAACTTGTGCACGGGA-1,1,18,124,3297,10716
GAAGAACGGTGCAGGT-1,1,14,40,2751,4176
GAAGCTCGGACCCGTC-1,1,55,21,8305,2693
GAAGCTTGCTGACCGC-1,1,29,35,4783,3785
GAAGGCTACCATTGTT-1,1,25,119,4245,10326
GAAGTGCTGGATAGCT-1,1,15,61,2888,5811
GAATAGCCCTGCGGTC-1,1,18,110,3296,9626
GAATATTCGGAGTCCC-1,1,13,83,2618,7524
GAATCGACATGGTCAC-1,1,26,42,4377,4330
GAATCGCCGGACACGG-1,1,11,41,2345,4254
GAATGAAGGTCTTCAG-1,1,17,117,3161,10171
GAATGCCGAAATGACC-1,1,21,17,3699,2384
GAATGTATGGCAGGTC-1,1,15,91,2889,8147
GAATGTTGGGTAATCT-1,1,23,69,3972,6433
GAATTTCTCGCTGCAG-1,1,28,30,4648,3396
GACAACGACCATTGAA-1,1,25,77,4243,7056
GACAACGCAGCTTACG-1,1,20,54,3565,5265
GACACAAGGGAAGAAA-1,1,30,72,4921,6666
GACACGAGTTAGAGGA-1,1,19,25,3428,3007
GACAGATTTCTGGCTC-1,1,44,8,6815,1682
GACAGCCAGACCTGAC-1,1,42,86,6547,7755
GACAGGCACACACTAT-1,1,38,22,6002,2772
GACCCAATTATGATAC-1,1,54,20,8170,2615
GACCCGTCGCCGGCTA-1,1,9,59,2075,5655
GACCGACGTGAAAGCA-1,1,38,112,6006,9780
GACCGACTGAAGCGTC-1,1,34,22,5460,2773
GACCGTCAGGTCGTGA-1,1,13,81,2618,7368
GACGCATACCCGTCGG-1,1,64,6,9524,1524
GACGCTTGCTTCTAAA-1,1,38,36,6003,3862
GACGGTCAATAGAAGC-1,1,30,100,4922,8846
GACGTGTAGGGATTAT-1,1,28,32,4648,3552
GACGTTCGTAAATACA-1,1,24,116,4110,10093
GACTAAGATCATGCAC-1,1,23,53,3971,5187
GACTAAGTAGGCTCAC-1,1,27,43,4513,4408
GACTACAAAGCGGTGG-1,1,49,21,7493,2694
GACTCACCCACGTGAG-1,1,38,106,6006,9313
GACTCCCAGAATAAGG-1,1,27,111,4516,9703
GACTCCTTCCAATTGA-1,1,56,10,8440,1837
GACTCGCGGGAATGAC-1,1,28,96,4651,8535
GACTCGGTCGGCGGAT-1,1,9,107,2077,9393
GACTGATTGGTCACAA-1,1,9,101,2077,8926
GAGACCCTGCAACGCC-1,1,11,111,2348,9704
GAGACTGATGGGTAGA-1,1,28,56,4649,5420
GAGAGGTGCATTCTGG-1,1,44,28,6815,3239
GAGATCGATCTTACTC-1,1,67,3,9931,1291
GAGATCTGTCACTCCG-1,1,30,74,4921,6822
GAGATGACAATCCTTA-1,1,27,121,4516,10482
GAGCATCATCCCTGGG-1,1,12,40,2480,4176
GAGCCACGGTAGTAGG-1,1,9,47,2074,4721
GAGCCGAGCGTTTATT-1,1,13,107,2619,9393
GAGCGAGGGAGTACCG-1,1,14,58,2752,5577
GAGCTAAGGGCATATC-1,1,29,83,4786,7523
GAGCTCTCGGACCTAA-1,1,15,33,2887,3630
GAGCTGTCGTCTCGGA-1,1,20,108,3567,9470
GAGGAATGGAGAGGTT-1,1,27,31,4512,3474
GAGGATAAACAGTGCT-1,1,40,114,6277,9936
GAGGCATTTGCAGCAG-1,1,16,120,3026,10405
GAGGCCCGACTCCGCA-1,1,55,23,8306,2849
GAGGCTATCAAAGTCG-1,1,35,27,5596,3162
GAGGGCCATAATATTA-1,1,20,122,3568,10560
GAGGGCGCAGCTCTGC-1,1,27,89,4515,7990
GAGGTACATCCATCTT-1,1,12,68,2482,6356
GAGGTCCCAAAGATCT-1,1,18,26,3293,3085
GAGTAAGGCCACGGGA-1,1,48,14,7357,2149
GAGTACGGGTATACAA-1,1,15,43,2887,4409
GAGTGCACGGACAACA-1,1,21,127,3704,10949
GAGTTCTGTGGGTGCT-1,1,59,3,8847,1291
GAGTTGATGGCAATTT-1,1,51,19,7763,2538
GAGTTGTCACCAGTCT-1,1,68,8,10066,1680
GATAAATCGGTGGATG-1,1,15,41,2887,4253
GATAACTCGCACTGTG-1,1,39,89,6141,7989
GATAGGATTAATTACA-1,1,40,126,6278,10870
GATAGGTGTCCCGGGC-1,1,39,123,6142,10637
GATATCAAGCAGGAGC-1,1,55,3,8305,1292
GATATCTCATGCAATA-1,1,12,58,2481,5577
GATATGAGACACTAAC-1,1,39,81,6140,7366
GATATGCGGTAGCCAA-1,1,19,91,3431,8146
GATATGGATTACGCGG-1,1,28,18,4647,2462
GATATTGAGATTGGCG-1,1,34,100,5464,8846
GATATTTCCTACATGG-1,1,17,89,3160,7991
GATCATTCCAAACATT-1,1,30,56,4920,5420
GATCCCTTTATACTGC-1,1,28,60,4649,5732
GATCCGAATATAAGTG-1,1,36,124,5736,10715
GATCCTAAATCGGGAC-1,1,27,95,4515,8457
GATCGGATAGAACCAT-1,1,41,13,6408,2071
GATCGGTGGCCATAAC-1,1,28,68,4649,6355
GATCTAACCGTATTCA-1,1,52,6,7898,1525
GATCTTTGCAGGGTAT-1,1,36,38,5732,4018
GATCTTTGCTCAAAGA-1,1,12,120,2484,10405
GATGACGATGATCGCG-1,1,19,113,3432,9859
GATGCCAGCAGAAGGC-1,1,23,17,3970,2384
GATGCCTTCTGCGGCA-1,1,58,14,8712,2148
GATGCTACAAGCGCCT-1,1,17,51,3158,5032
GATGGCGCACACATTA-1,1,19,29,3428,3319
GATGTAACGAACCACC-1,1,51,21,7764,2693
GATGTTTGTGCGAGAT-1,1,20,30,3564,3397
GATTCCCTTGTCGCAG-1,1,25,67,4243,6277
GATTCCGCGTTTCCGT-1,1,16,76,3024,6979
GATTCCTATACGGCGC-1,1,25,23,4241,2851
GATTTAGTGCGTACTG-1,1,15,127,2891,10950
GCAAACGTAAGCGACC-1,1,69,5,10202,1446
GCAACACACTAGAACT-1,1,46,16,7086,2304
GCAACCACCAGACCGG-1,1,14,92,2754,8225
GCAACCACGGCCGCGT-1,1,43,29,6680,3317
GCAAGATGTGTTCGCG-1,1,11,105,2348,9237
GCAAGCTGGAAACCGC-1,1,54,2,8169,1214
GCAAGTGCACAGAGAA-1,1,24,42,4106,4331
GCAATTAGTCGCACCG-1,1,31,123,5058,10637
GCACAACCTCGGGCGT-1,1,58,10,8711,1836
GCACAAGTGTCGGAAG-1,1,10,64,2211,6045
GCACTAGTCGCGCTAT-1,1,13,43,2616,4409
GCAGATCCTCGCAAAT-1,1,23,13,3970,2073
GCAGCCTATATCACAT-1,1,35,113,5600,9858
GCAGCTATGGACAGGT-1,1,13,113,2619,9860
GCAGGAACTTAGATCT-1,1,53,15,8034,2226
GCAGGACTATAGAATA-1,1,35,37,5596,3940
GCAGGTAGAGTATGGT-1,1,18,94,3296,8380
GCATACGAGGTCTTTA-1,1,38,14,6002,2149
GCATCCCTAACTTTGA-1,1,16,42,3022,4331
GCATGAGGGACGCGGC-1,1,30,90,4921,8068
GCATTCAAGGCAACGC-1,1,28,108,4651,9469
GCATTGACTTGCGGAA-1,1,50,4,7627,1370
GCATTGTAATTCATAT-1,1,41,21,6409,2694
GCATTTCCAAGGCTCC-1,1,33,111,5329,9703
GCCAACCATTTCCGGA-1,1,26,106,4380,9314
GCCAAGAATACTTCTG-1,1,46,10,7086,1837
GCCAATAGGGCATCTC-1,1,25,103,4244,9080
GCCAGGAGTAACCGAT-1,1,21,89,3702,7990
GCCATATTGCACACAG-1,1,22,90,3837,8068
GCCATCGATGCTGCAT-1,1,32,110,5193,9625
GCCATTAGCCTCAAAC-1,1,55,13,8305,2070
GCCCACCAAGGCTGTC-1,1,12,38,2480,4020
GCCCAGATGCTGGAGA-1,1,37,121,5871,10481
GCCCAGTTGGTATGCC-1,1,22,38,3835,4019
GCCCGACTTCTTCCCG-1,1,49,25,7493,3005
GCCCGAGAGTCTAAAT-1,1,62,10,9253,1836
GCCCGCGCGTTTGACA-1,1,20,40,3564,4175
GCCCGTAATACCTTCT-1,1,27,79,4514,7211
GCCCTAGCCGTCGCGA-1,1,54,16,8170,2304
GCCGCATTAGTCCGGC-1,1,35,17,5596,2383
GCCGTGGAAGAAATGT-1,1,39,115,6142,10014
GCCTAGCGATCTGACC-1,1,20,42,3564,4331
GCCTATAGTGTCAGGG-1,1,29,91,4786,8146
GCCTATGCTGGGCCTT-1,1,18,114,3297,9937
GCCTATTCCGATATAG-1,1,24,30,4106,3396
GCCTATTTGCTACACA-1,1,8,50,1939,4955
GCCTTCAGCCCTACCG-1,1,16,50,3023,4954
GCCTTTGTCAGTGGAC-1,1,64,10,9524,1836
GCGAAGCCATACCCGT-1,1,31,61,5056,5810
GCGACATGTAAACATC-1,1,37,107,5870,9391
GCGAGAGGCCATGTAA-1,1,21,113,3703,9859
GCGAGAGTTGCGTCCA-1,1,33,107,5329,9391
GCGAGCGCATGCTCCC-1,1,37,109,5871,9547
GCGAGTTCTGCAAAGA-1,1,35,63,5598,5965
GCGATTCTGGAAGCAG-1,1,10,74,2211,6823
GCGATTGTTAACGTTA-1,1,37,77,5869,7055
GCGCATCCAGTCAGCA-1,1,29,95,4786,8457
GCGCTGATCCAGACTC-1,1,17,87,3160,7835
GCGCTGCTTTGCATTT-1,1,28,94,4651,8379
GCGGGAACCAGGCCCT-1,1,18,48,3294,4798
GCGGGCATTACGATGC-1,1,31,119,5058,10326
GCGGTCCCGGTGAAGG-1,1,17,119,3161,10327
GCGGTCCCTAGACGCA-1,1,13,45,2616,4565
GCGGTGAACTGCGCTC-1,1,20,94,3567,8380
GCGTAAATGGCCATAA-1,1,34,102,5464,9002
GCGTCGAAATGTCGGT-1,1,17,65,3159,6122
GCGTCTAACCTCCTAA-1,1,32,126,5194,10871
GCGTTCGGAGACCGGG-1,1,19,103,3432,9081
GCTAAACCTGAGGTGA-1,1,23,23,3970,2851
GCTAAGTAGTTTCTCT-1,1,34,80,5463,7289
GCTAATACCGAATGCC-1,1,21,47,3700,4720
GCTACAGTACGGACCG-1,1,40,14,6273,2149
GCTACTCGGACGCAGA-1,1,74,6,10879,1524
GCTAGCACCTGGGCCA-1,1,39,121,6142,10481
GCTAGCAGGGAGTGGG-1,1,15,101,2890,8925
GCTAGTTTCATTGAGG-1,1,17,37,3158,3942
GCTATCGCGGCGCAAC-1,1,20,24,3564,2929
GCTCATTACTGCATGT-1,1,13,93,2618,8303
GCTCCGCTCGCTTCAG-1,1,42,112,6548,9780
GCTCGGAATTTAAAGC-1,1,22,84,3837,7601
GCTCTAAACCCTGACG-1,1,24,58,4107,5576
GCTCTATGTTACGTGC-1,1,26,40,4377,4175
GCTCTCGGGTACCGAA-1,1,26,58,4378,5576
GCTGAACTCTCCAGGG-1,1,40,120,6277,10403
GCTGAAGGGTTCTTGG-1,1,70,4,10337,1368
GCTGAATCTTCCAATC-1,1,59,23,8847,2849
GCTGCTCTCCGGACAC-1,1,31,63,5056,5965
GCTGGACCCAAAGTGG-1,1,14,106,2754,9315
GCTGGCATATTCACCT-1,1,31,31,5054,3474
GCTGGTGACTCGTAGT-1,1,11,117,2348,10171
GCTGGTTTAGGCCATA-1,1,60,14,8983,2148
GCTTAATGTAACTAAC-1,1,42,84,6547,7600
GCTTACGTAGTTAGTA-1,1,36,112,5735,9780
GCTTAGGGAAGCGGTA-1,1,12,124,2484,10716
GCTTCCGTCCCTAGAC-1,1,29,77,4785,7055
GCTTCGACGTTCAATC-1,1,69,15,10202,2225
GCTTGATGATAATCAG-1,1,22,36,3835,3864
GCTTGCAGCACAATTG-1,1,19,117,3432,10171
GCTTGGATCGATTAGG-1,1,31,97,5057,8613
GGAAACCTTGTTGAAT-1,1,20,106,3567,9314
GGAAAGTGCCCATGCC-1,1,20,90,3566,8068
GGAACCTTGACTCTGC-1,1,59,21,8847,2693
GGACAAGCCATGATCG-1,1,64,0,9524,1057
GGACCTACGGTAACGT-1,1,17,109,3161,9548
GGACGTCCATAGTTGG-1,1,14,116,2755,10093
GGAGAAGTCATTGGCA-1,1,23,41,3971,4253
GGAGACCAATGTGCTT-1,1,22,118,3839,10248
GGAGACCATCTACATA-1,1,50,8,7627,1681
GGAGCACCAAGAACTA-1,1,26,82,4379,7445
GGAGGCCGAAGTCGTC-1,1,40,116,6277,10091
GGAGTGCCGCCCTGGA-1,1,19,53,3429,5187
GGATACTCATGAATTG-1,1,9,45,2074,4565
GGATCAAAGGACGAGG-1,1,6,52,1668,5111
GGATCATCCCGTACGC-1,1,17,101,3161,8925
GGATCCGGAATATACT-1,1,34,82,5463,7444
GGATCTTGACTCAACC-1,1,51,17,7763,2382
GGATGCTGGCGTTCCT-1,1,39,19,6138,2539
GGATTCAGTACGGTGG-1,1,19,33,3429,3630
GGATTCCGCTATACCC-1,1,19,81,3431,7368
GGCAAGCCAGGGATAG-1,1,17,121,3161,10482
GGCAATAGTCAATGAG-1,1,30,70,4920,6510
GGCAGCGGTAATCCTA-1,1,14,100,2754,8847
GGCATACAGGTAGCGG-1,1,34,32,5461,3551
GGCATATCGGTTCTGC-1,1,17,83,3160,7524
GGCCCAGTTATCAGCA-1,1,12,116,2484,10093
GGCCCGGAGCATGTCT-1,1,35,119,5600,10325
GGCCCGTATACCATGC-1,1,27,119,4516,10326
GGCCCTCACCCACTTA-1,1,37,23,5867,2850
GGCGAACCGTTCTGAT-1,1,17,127,3162,10950
GGCGAGCGAAACGGCA-1,1,51,7,7763,1603
GGCGCAGGACATCTTC-1,1,37,27,5867,3162
GGCGGTAGGATCATTG-1,1,31,69,5056,6432
GGCGTCCTATCCGCTG-1,1,31,33,5054,3629
GGCTAAAGGGCGGGTC-1,1,19,99,3431,8769
GGCTAATGATTGAAAT-1,1,11,113,2348,9860
GGCTCGTGCCACCAGC-1,1,20,38,3564,4019
GGCTCTGCTCCAACGC-1,1,26,72,4379,6666
GGCTGAGCATCGTAAG-1,1,9,99,2077,8770
GGGAATGAGCCCTCAC-1,1,19,107,3432,9392
GGGACAGAGTTACTCC-1,1,57,19,8576,2537
GGGACTGCATAGATAG-1,1,32,60,5191,5732
GGGAGAACTCACAGTA-1,1,32,64,5191,6043
GGGAGTAATGGCTGGC-1,1,10,42,2210,4332
GGGAGTTAATGAGGCG-1,1,33,75,5327,6899
GGGATCCCAATACAAA-1,1,18,120,3297,10404
GGGATGGACCCGCGTC-1,1,65,5,9660,1447
GGGATTATCTCACAAC-1,1,4,6,1395,1529
GGGCAACCGCACGTGC-1,1,55,19,8305,2537
GGGCACTATTGACCAT-1,1,61,3,9118,1291
GGGCAGACGTCACTGC-1,1,48,4,7356,1370
GGGCAGGATTTCTGTG-1,1,65,7,9660,1602
GGGCCATTCGTGCTGG-1,1,69,7,10202,1602
GGGCCCTACGAAAGGG-1,1,38,16,6002,2305
GGGCCGGCCGAAGTAC-1,1,36,84,5734,7600
GGGCCTAAATGGGCTA-1,1,45,9,6950,1760
GGGCCTATTTAAGTAT-1,1,13,117,2619,10171
GGGCGATATGTGTGAA-1,1,28,58,4649,5576
GGGCGCAGCGTTACTC-1,1,34,120,5465,10403
GGGCGTACATTTATAT-1,1,24,54,4107,5265
GGGCGTCCACTGGCTC-1,1,16,84,3024,7602
GGGCTACTATTTCGTG-1,1,50,6,7627,1526
GGGCTCATCGAACCCA-1,1,25,89,4244,7990
GGGCTGCCTAGGGCGA-1,1,33,69,5327,6432
GGGTATGTATGCACTT-1,1,28,28,4648,3240
GGGTATTCTAGCAAAC-1,1,55,15,8305,2226
GGGTCATGCGTACCAT-1,1,22,14,3834,2151
GGGTCCTTGGAAGAAG-1,1,71,11,10473,1913
GGGTCGTGGCAAGTGT-1,1,25,107,4245,9392
GGGTGCATATGAAAGC-1,1,30,112,4922,9781
GGGTGTTTCAGCTATG-1,1,16,68,3024,6356
GGTAACCGGGAGGATA-1,1,57,27,8577,3160
GGTAACTATGTATCTG-1,1,12,44,2481,4487
GGTACACCAGATTTAT-1,1,26,118,4381,10248
GGTACATCTGGGACGA-1,1,38,18,6002,2461
GGTACCATTAAGACGG-1,1,29,105,4786,9236
GGTAGTGCTCGCACCA-1,1,34,72,5462,6666
GGTATAGTGACACATA-1,1,34,114,5464,9936
GGTCATTGTAGTCATA-1,1,14,120,2755,10405
GGTCGGATAAACGGCG-1,1,23,97,3973,8613
GGTCGGTAATTAGACA-1,1,12,36,2480,3864
GGTCGTAAGCTCGCAC-1,1,49,19,7492,2538
GGTCTCTGAATGGACT-1,1,52,34,7900,3706
GGTGAAACCGGGAATG-1,1,6,48,1668,4799
GGTGAGATGCAGATAA-1,1,16,36,3022,3864
GGTGATAAGGAGCAGT-1,1,37,79,5869,7211
GGTGCAGAGCCTATCG-1,1,12,104,2483,9159
GGTGCGGATAAGTGGC-1,1,16,46,3023,4643
GGTGCTGATCACAAAG-1,1,27,21,4512,2695
GGTGGACCACGTGTTA-1,1,7,105,1806,9237
GGTTACCACCCTCGGG-1,1,45,33,6951,3628
GGTTACCCGACACTTT-1,1,33,123,5329,10637
GGTTAGGCTTGGAGAA-1,1,28,36,4648,3863
GGTTAGTTACGGCGCC-1,1,27,23,4512,2851
GGTTCTACTCGTCTGA-1,1,39,105,6141,9235
GGTTGTGTAGCCTGGC-1,1,33,13,5324,2072
GGTTTAATTGAGCAGG-1,1,26,116,4381,10092
GGTTTACAATCTCAAT-1,1,25,73,4243,6744
GGTTTGACAAGAAGCT-1,1,12,112,2484,9782
GGTTTGAGTGCTGGAA-1,1,12,42,2481,4332
GGTTTGCGAACACGTA-1,1,15,123,2890,10638
GTAACAACTGACCTTG-1,1,11,119,2348,10327
GTAAGCGGGCAGTCAG-1,1,23,63,3972,5966
GTAAGGATTTGTCGGA-1,1,10,68,2211,6356
GTAAGTAACAGTCTGG-1,1,40,82,6276,7444
GTAAGTAGGGTATACC-1,1,26,36,4377,3863
GTAATAAAGGGCTCCC-1,1,31,103,5057,9080
GTACAGAGGCAAGGGT-1,1,37,83,5869,7522
GTACGAGATTGCGACA-1,1,21,57,3701,5499
GTACGTCACGTATTAA-1,1,11,107,2348,9393
GTACTAAGATTTGGAG-1,1,27,55,4513,5343
GTACTCCCTTATCGCT-1,1,36,28,5732,3240
GTACTCCTGGGTATGC-1,1,26,102,4380,9002
GTACTGAGGTCGTAAC-1,1,11,47,2345,4721
GTACTGCATGAAGCGT-1,1,11,39,2345,4098
GTACTTGGGCACTTCT-1,1,17,33,3158,3630
GTAGAAACGGGTGGAG-1,1,24,16,4105,2306
GTAGACAACCGATGAA-1,1,7,55,1804,5344
GTAGACGTCGTTACAT-1,1,13,39,2616,4098
GTAGAGGGAGACAAGT-1,1,51,31,7764,3472
GTAGGTGATCCGTGTA-1,1,17,79,3160,7212
GTATAGGACTCAGTAG-1,1,20,58,3565,5577
GTATCAGCTTGGGTTC-1,1,20,34,3564,3708
GTATCTCAGTCTTGAC-1,1,58,22,8712,2771
GTATGAAATTTCACTC-1,1,52,22,7899,2771
GTATTAAGGCGTCTAA-1,1,20,26,3564,3085
GTCAAAGAAGTGGTGT-1,1,56,18,8441,2459
GTCAATGCTATAATTT-1,1,22,120,3839,10404
GTCACAAAGTTTCCAA-1,1,9,61,2075,5811
GTCACTCTCCAAATCT-1,1,23,31,3970,3474
GTCAGAATAGTCTATG-1,1,30,32,4919,3552
GTCATGCACCTCCGTT-1,1,29,61,4785,5810
GTCATGGACATGACTA-1,1,26,62,4378,5888
GTCATTGCATTGACCC-1,1,31,17,5054,2383
GTCCCAACGTAAAGTA-1,1,33,73,5327,6744
GTCCGGCTGAATTGCG-1,1,28,52,4649,5109
GTCCTACTCTACGGGC-1,1,54,6,8169,1525
GTCCTAGGATACCTTA-1,1,66,6,9795,1524
GTCCTTTAATGACTTC-1,1,8,104,1941,9159
GTCGAATTTGGGCGCT-1,1,69,17,10202,2381
GTCGGAAGGATACCAG-1,1,13,115,2619,10016
GTCGGATGTAGCGCGC-1,1,17,77,3159,7056
GTCGTATTGGCGTACA-1,1,19,95,3431,8458
GTCGTCAATTATAAGG-1,1,11,45,2345,4565
GTCGTCTGGTTGGCTA-1,1,30,122,4923,10559
GTCGTGTCTGGTCATC-1,1,28,110,4651,9625
GTCTACTCAATTACAA-1,1,37,13,5866,2072
GTCTCCTGCCAGTATG-1,1,59,13,8847,2070
GTCTCGACTAAGTTTG-1,1,25,111,4245,9703
GTCTCGATCTGCTTTC-1,1,20,80,3566,7290
GTCTTAGTACAGCCGG-1,1,12,78,2482,7135
GTCTTGAGGAGCAGTG-1,1,38,116,6006,10092
GTGAAACGGCGCCACC-1,1,24,88,4108,7912
GTGAACTCCCATTCGA-1,1,30,104,4922,9158
GTGAAGATTTCAAGTG-1,1,21,103,3703,9081
GTGAAGCCGTATAGTC-1,1,21,107,3703,9392
GTGAAGTCACGACTCG-1,1,49,7,7492,1603
GTGACCTAAAGAATAA-1,1,30,124,4923,10715
GTGACGAGGGTGACCC-1,1,32,114,5193,9936
GTGAGCGTGCTGCACT-1,1,33,25,5325,3006
GTGATGCACAACATCT-1,1,12,96,2483,8536
GTGCAACAAATGTGGC-1,1,14,62,2752,5889
GTGCACGAAAGTGACT-1,1,17,71,3159,6589
GTGCCATCACACGGTG-1,1,42,34,6545,3706
GTGCCCGTTCGGATTC-1,1,39,85,6140,7678
GTGCGGGACCATCGGC-1,1,6,40,1668,4176
GTGCGGGTCTCCAAAT-1,1,20,56,3565,5421
GTGCGTGTATATGAGC-1,1,41,83,6411,7522
GTGGAACCTACATGCG-1,1,15,81,2889,7368
GTGGACCAACCCGATT-1,1,45,29,6951,3317
GTGGACGTGCTGAGAC-1,1,17,39,3158,4098
GTGGAGCATGTCGGCC-1,1,37,125,5871,10792
GTGGAGCGTTTACCGA-1,1,58,16,8712,2304
GTGGCAAACAGCGGCA-1,1,50,20,7628,2616
GTGGCCGGTTTCTCGG-1,1,68,10,10066,1836
GTGGCGGTCCCAGCGT-1,1,40,20,6273,2616
GTGGGAAGACTGAATC-1,1,45,15,6950,2227
GTGGGCTTAGACACAC-1,1,29,39,4784,4097
GTGGGTACTGAGCGTA-1,1,50,2,7627,1214
GTGGTTACTTCTTTCG-1,1,31,105,5057,9236
GTGGTTTCCGCCTTTC-1,1,42,32,6545,3551
GTGTACCTTGGCTACG-1,1,26,78,4379,7134
GTGTCGTATTCACCTT-1,1,9,117,2077,10172
GTTAAGTTAGAGTGGG-1,1,36,116,5735,10092
GTTACAATTGGTGACG-1,1,37,33,5867,3629
GTTAGCCGTAAATCAA-1,1,30,110,4922,9625
GTTAGGCTACCCGTTT-1,1,54,14,8170,2148
GTTATATCAGGAGCCA-1,1,23,115,3974,10015
GTTATTAACGTGGGAG-1,1,22,18,3834,2462
GTTCACAGGAGTCTAG-1,1,32,34,5190,3707
GTTCATCGTTTGGCTG-1,1,33,105,5328,9235
GTTCCAGTCTGACCAT-1,1,17,53,3158,5188
GTTCGGGCGTACCATT-1,1,32,108,5193,9469
GTTCGTCTGGGTCCCT-1,1,21,119,3703,10326
GTTCTTCCCTCGATGT-1,1,15,51,2887,5032
GTTGCACGGAGTTTCG-1,1,24,48,4107,4798
GTTGCGCTAACATTAC-1,1,41,119,6413,10325
GTTGGACCGCATCAGG-1,1,20,116,3568,10093
GTTGGATTCAGTGGCT-1,1,16,96,3025,8536
GTTGTCGTGTTAGTTG-1,1,15,47,2887,4721
GTTGTTACATTGCGCT-1,1,12,118,2484,10249
GTTTCATATCGTCGCT-1,1,39,27,6138,3162
GTTTCCTGGAGGGTGA-1,1,25,49,4242,4876
GTTTGACCAAATCCTA-1,1,30,58,4920,5576
GTTTGTTAGCCAAGTA-1,1,53,3,8034,1292
TAAAGACAACCCTTTA-1,1,40,118,6277,10247
TAAAGAGCCCGAAACC-1,1,10,46,2210,4643
TAAAGCGTTAGGAGAA-1,1,28,88,4650,7912
TAAAGCTGCAATAGGG-1,1,17,97,3160,8614
TAAATCTTTACACCTC-1,1,24,120,4110,10404
TAAATGAATCCGTTTC-1,1,23,29,3970,3318
TAAATGCCGTCTCATG-1,1,11,103,2348,9081
TAACAAAGGGAGAAGC-1,1,21,35,3700,3786
TAACAATATTTGTTGC-1,1,28,16,4647,2306
TAACATACACGCGATC-1,1,55,25,8306,3005
TAACCGCCCGCAGTGC-1,1,9,49,2074,4877
TAACCTACCGTCCGAG-1,1,33,101,5328,8924
TAACGCTTTGAGAGCG-1,1,27,29,4512,3318
TAACTATCGAAGGTCC-1,1,24,34,4106,3708
TAACTATTACGCCAAA-1,1,29,107,4787,9391
TAACTCCATGGAGGCT-1,1,19,27,3428,3163
TAACTGAAATACGCCT-1,1,71,7,10473,1602
TAAGAGGGACAGGGAC-1,1,63,19,9389,2537
TAAGCAGGCGACACGC-1,1,35,19,5596,2539
TAAGCCCTTACGACCA-1,1,14,114,2755,9938
TAAGGAACTTGTGGGA-1,1,16,40,3022,4175
TAAGGCAACATAAGAT-1,1,25,71,4243,6589
TAAGGGCTGGGAGAGG-1,1,34,18,5460,2461
TAAGTCGCCGAGTATC-1,1,54,32,8170,3550
TAATAAACAAGGAGAT-1,1,17,91,3160,8146
TAATACACAGTAGTAT-1,1,20,64,3565,6044
TAATAGCTAAATGATG-1,1,26,124,4381,10715
TAATAGGTCACCAGAA-1,1,61,21,9118,2693
TAATAGTGACGACCAG-1,1,27,83,4515,7523
TAATATTGAAATTCGC-1,1,17,47,3158,4720
TAATCGATCCGTACGT-1,1,25,93,4244,8302
TAATGAAAGACCCTTG-1,1,25,17,4241,2384
TAATTGCGCTGATTAC-1,1,71,5,10473,1446
TAATTGGAATCGGGAA-1,1,17,105,3161,9237
TACAAGTCTCGTGCAT-1,1,31,27,5054,3162
TACACCGTCGTTAGTC-1,1,25,117,4245,10170
TACATCCCTATCCCTG-1,1,44,14,6815,2149
TACCAGCTAGGTTTAA-1,1,11,65,2346,6122
TACCGCGGACTTGCAG-1,1,33,97,5328,8612
TACCTCACGCTTGTAC-1,1,16,56,3023,5421
TACCTGCTGCACTGTG-1,1,28,22,4647,2773
TACCTTAAGATTTCCC-1,1,49,29,7493,3316
TACGATGTTGATCATC-1,1,35,35,5596,3785
TACGCTATAGAAACCT-1,1,34,104,5464,9157
TACGGGATGCTAGCAG-1,1,21,83,3702,7523
TACGTGCAAGGTTCCT-1,1,34,126,5465,10870
TACGTGCACTATGCTG-1,1,21,33,3700,3630
TACGTTTACCGGCAAT-1,1,40,32,6274,3551
TACTCGGCACGCCGGG-1,1,36,16,5731,2305
TACTCTCCGAACAAAT-1,1,21,81,3702,7368
TACTGAGGGAAGAAAG-1,1,60,6,8982,1525
TACTGCAATCAATTAC-1,1,22,102,3838,9003
TACTGGACAGCTCGGC-1,1,35,25,5596,3006
TACTTGTTAGTAGTCC-1,1,37,87,5870,7834
TACTTTACTGAGCCGG-1,1,30,96,4922,8535
TACTTTCCGCACGCCA-1,1,47,19,7222,2538
TAGAATTAAGGGCAAC-1,1,10,76,2211,6979
TAGACTACCTAGCGTT-1,1,38,104,6006,9157
TAGACTCAGTTGGCCT-1,1,70,14,10337,2147
TAGAGATCATGCAACT-1,1,44,26,6815,3083
TAGAGCTACGAAGAAC-1,1,13,53,2617,5188
TAGAGTCTAAGCGAAC-1,1,29,55,4784,5342
TAGATCCGAAGTCGCA-1,1,10,72,2211,6668
TAGATTCCTGGTTATT-1,1,32,20,5189,2617
TAGCAACCTGTCACAA-1,1,22,26,3835,3085
TAGCCATGATTGCCTA-1,1,73,7,10744,1602
TAGCTAAGTCCGGGAG-1,1,29,57,4784,5498
TAGCTGATGTGAAGCG-1,1,42,10,6544,1838
TAGGCATGTTACGCCA-1,1,23,85,3973,7679
TAGGCGATGAGGTCTC-1,1,55,11,8305,1914
TAGGCGGCTGCAAAGA-1,1,65,13,9660,2069
TAGGGTGTTTCAAGAG-1,1,22,54,3836,5265
TAGGTCCAAGTAAGGA-1,1,29,23,4783,2851
TAGGTCGCCGGAACTG-1,1,32,100,5193,8846
TAGGTGAGCCCTACTC-1,1,29,33,4783,3629
TAGGTGCTCGCCTAGC-1,1,40,86,6276,7755
TAGTACCACAACTTTC-1,1,63,13,9389,2070
TAGTACCTTAGTGGTC-1,1,21,21,3699,2696
TAGTCTAACAACGAGA-1,1,40,34,6274,3706
TAGTCTGTGACGTTGC-1,1,23,103,3974,9080
TAGTGTCAGAAACGGC-1,1,21,19,3699,2540
TAGTTAAGATAGGATA-1,1,12,82,2482,7446
TAGTTTATTCTTGCTT-1,1,13,57,2617,5499
TATAAATCCACAAGCT-1,1,20,44,3565,4487
TATAAGTGAGGATAGC-1,1,21,39,3700,4097
TATACACGCAAAGTAT-1,1,18,36,3293,3864
TATAGCGCACGTTATC-1,1,47,7,7221,1604
TATAGGGTACTCATGA-1,1,36,20,5731,2617
TATAGTTAGGTGTACT-1,1,72,12,10608,1991
TATATTACAAATGTCG-1,1,17,107,3161,9392
TATATTCGCGTCGATA-1,1,8,62,1939,5889
TATCACCCAACCGACC-1,1,24,100,4109,8847
TATCACTTCGAGTAAC-1,1,17,99,3160,8769
TATCAGTGGCGTAGTC-1,1,54,8,8169,1681
TATCCATATCATGCGA-1,1,18,52,3294,5110
TATCCATCTCGGTTAG-1,1,61,17,9118,2381
TATCCTGCATGGGAAT-1,1,14,54,2752,5266
TATCGATCTATGCATA-1,1,22,88,3837,7913
TATCGATGATTAAACG-1,1,23,49,3971,4876
TATCTACAGAGGTAAT-1,1,30,24,4918,2929
TATCTGAGCCGATATT-1,1,64,8,9524,1680
TATCTTGCAATACAAC-1,1,56,16,8441,2304
TATGAAGACAGGTGCG-1,1,29,21,4783,2695
TATGATCCGGCACGCC-1,1,26,112,4380,9781
TATGCTCCCTACTTAC-1,1,25,61,4243,5810
TATGGATGTGCTACGC-1,1,26,54,4378,5265
TATGGCCCGGCCTCGC-1,1,30,30,4919,3396
TATGGCTAGGCTAATT-1,1,27,125,4516,10793
TATGGGTACGTATCGT-1,1,32,58,5191,5576
TATGTAGAAACCCGGC-1,1,61,7,9118,1603
TATGTCAAGACCGACT-1,1,20,92,3567,8224
TATGTCTCATTGTGCC-1,1,30,82,4921,7445
TATTAACACCAAAGCA-1,1,54,10,8170,1837
TATTATGTTTGCCTGC-1,1,57,17,8576,2382
TATTCAATTCTAATCC-1,1,34,74,5463,6822
TATTCGTGCCAGAATA-1,1,34,64,5462,6043
TATTGACATTTCTGCC-1,1,35,117,5600,10170
TATTTAGTCTAGATCG-1,1,18,58,3294,5577
TATTTATACCGAGTAG-1,1,16,78,3024,7134
TATTTGTTACCCTTTA-1,1,24,46,4107,4642
TCAAACAACCGCGTCG-1,1,24,60,4107,5732
TCAAACTTAGATTGTT-1,1,31,65,5056,6121
TCAAAGAGCTATCTGT-1,1,49,5,7492,1448
TCAACAAAGATAATTC-1,1,53,29,8035,3316
TCAACATCGACCGAGA-1,1,44,16,6815,2305
TCAACCATGTTCGGGC-1,1,25,51,4242,5031
TCAACGCGACCGGCAG-1,1,39,23,6138,2850
TCAACTAACGTATAAC-1,1,31,19,5054,2539
TCAAGAAATACTAGCT-1,1,34,108,5464,9469
TCAAGCTGCCTTGAAA-1,1,28,126,4652,10871
TCACATCTTATCTGAT-1,1,28,20,4647,2617
TCACCGCTCGGCACTC-1,1,30,92,4921,8223
TCACGATGTCCGTGGA-1,1,52,28,7899,3238
TCACGGTCATCGCACA-1,1,23,45,3971,4564
TCACTACGACCAATGC-1,1,13,95,2618,8458
TCACTCGTGCAACGGC-1,1,15,93,2889,8302
TCAGAACCTCCACAGG-1,1,30,106,4922,9313
TCAGATGGAGACGTAG-1,1,13,127,2620,10950
TCAGCAAATGCATCTC-1,1,31,73,5056,6744
TCAGCTTGAGCTTTCG-1,1,62,2,9253,1213
TCAGGGCGCAAACTCG-1,1,22,16,3834,2306
TCAGGGTGTAACGTAA-1,1,28,72,4650,6666
TCAGTACTGACCCGCG-1,1,26,34,4377,3708
TCATACTTACAGATCC-1,1,22,24,3835,2929
TCATATGAGCTTTGTT-1,1,64,62,9527,5885
TCATCACTCGAGCTCG-1,1,17,29,3157,3319
TCATCCCAGAGGGTGG-1,1,12,70,2482,6512
TCATCGATGGTCCCAA-1,1,57,29,8577,3316
TCATGCAGGTTCTCAT-1,1,18,84,3295,7601
TCCACAATGGTTTACG-1,1,30,36,4919,3863
TCCAGATGTACGCCAA-1,1,24,114,4109,9937
TCCAGGCGAGTACGGT-1,1,31,57,5055,5498
TCCATCAATACTAATC-1,1,64,14,9525,2147
TCCATTCCCACTAGAG-1,1,18,126,3297,10872
TCCCAAACAGACAACG-1,1,22,110,3838,9626
TCCCAAAGACGAAGGA-1,1,26,60,4378,5732
TCCCAAAGCCCTAAAT-1,1,39,117,6142,10169
TCCCACTCTCTTCCGG-1,1,31,107,5058,9391
TCCCGCCTATGTGCGT-1,1,32,122,5194,10559
TCCCGCGTACTCCTGG-1,1,27,69,4514,6433
TCCCGGGTGTGCTGCT-1,1,34,34,5461,3707
TCCCGTCAGTCCCGCA-1,1,23,75,3972,6900
TCCCGTCGCGTCATAG-1,1,29,115,4787,10014
TCCCTAGATCAATAGG-1,1,28,114,4651,9937
TCCCTGGCGTATTAAC-1,1,58,18,8712,2459
TCCCTGGCTCGCTGGA-1,1,33,27,5325,3162
TCCCTTAGATTACTCG-1,1,18,86,3295,7757
TCCGAACTTGGCTTAC-1,1,33,19,5325,2539
TCCGAAGTAGTCACCA-1,1,14,110,2754,9626
TCCGAATGGTCCTGAG-1,1,31,113,5058,9858
TCCGAGAAGGCTAAGC-1,1,6,42,1668,4332
TCCGATAATTGCCATA-1,1,18,64,3294,6044
TCCGATGACTGAGCTC-1,1,22,76,3837,6978
TCCGATGGTGCGACAT-1,1,25,53,4242,5187
TCCGATTACATTGCCG-1,1,32,32,5190,3551
TCCGCGGCAGCATCTG-1,1,34,84,5463,7600
TCCGGAGGAAGGGCTG-1,1,14,108,2754,9470
TCCGGCCTAGCGTACA-1,1,28,98,4651,8691
TCCGTTTAGCCTTGAA-1,1,29,89,4786,7990
TCCTCCTAAGACATTC-1,1,47,21,7222,2694
TCCTCTACGAGATGGC-1,1,26,32,4377,3552
TCCTCTCCAGTTGTCC-1,1,30,20,4918,2617
TCCTGCGTTGATACTC-1,1,38,30,6003,3395
TCCTGGCGCTGCCTGG-1,1,12,106,2483,9315
TCCTTCAGTGGTCGAA-1,1,15,69,2888,6434
TCCTTTCTTACGCTTA-1,1,30,62,4920,5887
TCGACAACTGAACCCG-1,1,57,15,8576,2226
TCGAGTCTACGATTCG-1,1,56,2,8440,1214
TCGATAGGCTAGTCGC-1,1,8,48,1939,4799
TCGCATCCCTAAGTGT-1,1,15,31,2887,3475
TCGCCCAACTGACTCC-1,1,9,109,2077,9549
TCGCCGCACCGCGTGA-1,1,46,6,7085,1526
TCGCCGGTCGATCCGT-1,1,19,61,3430,5810
TCGCGCGTTTACATGA-1,1,70,6,10337,1524
TCGCGTCCAGAAGGTC-1,1,31,29,5054,3318
TCGCTAAACCGCTATC-1,1,19,89,3431,7991
TCGCTCGATATATTCC-1,1,29,63,4785,5965
TCGCTCGGCACCAGCG-1,1,24,108,4109,9470
TCGCTGGGCGGATTGT-1,1,28,74,4650,6822
TCGCTGTGCGTAAATC-1,1,17,41,3158,4253
TCGCTTAATTACGAAG-1,1,13,121,2619,10483
TCGCTTTAAACGTTTG-1,1,25,87,4244,7834
TCGGAATGCGCTCTGA-1,1,30,28,4919,3240
TCGGAGAGTATCGGGA-1,1,45,23,6951,2850
TCGGAGTACATGAGTA-1,1,32,74,5192,6822
TCGGAGTCCTGGTTGC-1,1,72,4,10608,1368
TCGGATCTGGATGACC-1,1,67,5,9931,1446
TCGGCGTACTGCACAA-1,1,49,13,7492,2071
TCGGGAACGTGCCTAG-1,1,31,109,5058,9547
TCGGGATTCAAACATA-1,1,39,15,6137,2227
TCGGGCCGTCGTGGTA-1,1,40,88,6276,7911
TCGGGTGAAACTGCTA-1,1,10,56,2210,5422
TCGGTCCCGACAATAG-1,1,57,23,8577,2849
TCGGTGACCGCTCCGG-1,1,15,109,2890,9548
TCGTAAGACGACATTG-1,1,27,77,4514,7056
TCGTAAGCTCCGAGGA-1,1,16,106,3025,9315
TCGTATAGTGCAATTA-1,1,12,56,2481,5422
TCGTATTACCCATTGC-1,1,37,25,5867,3006
TCGTCACACTGTTAGC-1,1,27,19,4512,2539
TCGTCCGCTGGCGTCT-1,1,22,40,3835,4175
TCGTGTCACGCTGACA-1,1,43,23,6680,2850
TCGTTCGTTATTATGT-1,1,10,62,2210,5889
TCTAAAGAACAGTCTC-1,1,52,10,7899,1837
TCTAATACTGCCTCAG-1,1,57,25,8577,3004
TCTACCGTCCACAAGC-1,1,27,67,4514,6277
TCTACGGGCTCAGTTG-1,1,16,122,3026,10560
TCTAGCAATCTCCGCC-1,1,46,30,7087,3395
TCTAGCATCTTCGATG-1,1,23,43,3971,4409
TCTAGGTGGCGACGCT-1,1,29,99,4786,8769
TCTATCATGCAGTTAC-1,1,18,40,3293,4175
TCTATCGGTCGCAACA-1,1,22,64,3836,6044
TCTATTACGCTGGCGA-1,1,14,34,2751,3708
TCTATTACTAGAGGAT-1,1,41,15,6408,2227
TCTCCAACGTAGGTTA-1,1,20,78,3566,7134
TCTCGAACGAGGTCAC-1,1,12,94,2483,8380
TCTCGTGTTACGAGGA-1,1,45,5,6950,1448
TCTCTAATAGCTGGTA-1,1,20,52,3565,5110
TCTGAACCGGTCGGCT-1,1,21,37,3700,3942
TCTGACGGGCTAACCC-1,1,28,120,4652,10404
TCTGATCGGGTGCTAG-1,1,34,118,5464,10248
TCTGATTGGAAATGGA-1,1,35,123,5600,10637
TCTGCACCATTAGTAA-1,1,25,127,4246,10949
TCTGCGAATCGTTCGC-1,1,17,123,3161,10638
TCTGGAGCGTAAGAGT-1,1,38,126,6007,10870
TCTGGCCGTTCAAGTT-1,1,36,122,5736,10559
TCTGTCATACAAGAGC-1,1,10,44,2210,4487
TCTTACAGAGGTACCG-1,1,15,45,2887,4565
TCTTACCGGAACTCGT-1,1,21,91,3702,8146
TCTTACGGCATCCGAC-1,1,25,29,4241,3318
TCTTAGAGCTCCAATT-1,1,40,108,6277,9468
TCTTCCCATGGGCACA-1,1,32,96,5193,8535
TCTTCGATACCAATAA-1,1,32,66,5191,6199
TCTTGGTAACACCAAA-1,1,21,65,3701,6122
TCTTTAAGACTATGAA-1,1,34,98,5464,8690
TCTTTAGCAGGCGAAC-1,1,34,116,5464,10092
TCTTTCATCCGTCCTT-1,1,66,4,9795,1369
TGAAACTTATGCAAGC-1,1,11,73,2346,6745
TGAAAGGACCTGACTC-1,1,35,83,5598,7522
TGAATATGCTATAAAC-1,1,16,114,3026,9937
TGAATGAGATACAGCA-1,1,17,125,3162,10794
TGACAACGCATGTCGC-1,1,40,124,6278,10714
TGACACTTCTCTTTGC-1,1,16,102,3025,9003
TGACAGAAATCTTGCT-1,1,72,6,10608,1524
TGACAGGACAAGTCCA-1,1,55,9,8305,1759
TGACATCGAGCGGACC-1,1,35,101,5599,8924
TGACGAATATTTCCCT-1,1,44,22,6815,2772
TGACTCCGAATCATAC-1,1,62,16,9254,2303
TGAGAATGCTTTACCG-1,1,18,54,3294,5265
TGAGATTAGGCCCTAA-1,1,16,94,3025,8380
TGAGCTTTAATGACGC-1,1,19,85,3431,7679
TGAGGCATGTACTGTG-1,1,56,8,8440,1681
TGAGTGGTCCGTGACG-1,1,30,84,4921,7600
TGATCAGGGAACTGCT-1,1,42,24,6544,2928
TGATCCCAGCATTAGT-1,1,27,107,4516,9392
TGATCGGTTTGACCCT-1,1,28,54,4649,5265
TGATCTACGCTGATCT-1,1,16,100,3025,8847
TGATCTCCGGCGCCAG-1,1,28,50,4649,4953
TGATGGCTGTTTCTGA-1,1,30,114,4922,9936
TGATTATGGCACGCAG-1,1,13,111,2619,9704
TGATTCAGGTCCCGCG-1,1,48,8,7357,1681
TGATTTATTAGCTGTG-1,1,38,34,6003,3707
TGATTTCCTCCTGACG-1,1,16,34,3022,3708
TGCAAGAATGACGTAA-1,1,30,60,4920,5732
TGCAATTTGGGCACGG-1,1,14,104,2754,9159
TGCACAGTGAAGTTAT-1,1,12,100,2483,8848
TGCAGAACTATATCGT-1,1,42,22,6544,2772
TGCAGATCGTCCTAGG-1,1,42,18,6544,2461
TGCAGCTACGTACTTC-1,1,42,16,6544,2305
TGCAGGATCGGCAAAG-1,1,24,74,4108,6822
TGCAGTGAGGCTCGGG-1,1,15,121,2890,10483
TGCATATGTCTGTCAC-1,1,35,85,5599,7678
TGCATGGATCGGATCT-1,1,19,67,3430,6278
TGCATGTGGTAATCTA-1,1,29,81,4785,7367
TGCCAAAGTCAGACTT-1,1,43,19,6680,2538
TGCCACCTGGCGAAAC-1,1,20,76,3566,6978
TGCCATTACTAAAGAA-1,1,21,87,3702,7835
TGCCGAAAGCGTATTC-1,1,33,119,5329,10325
TGCCGTTCTTAATCGG-1,1,57,1,8576,1136
TGCCTAAATTTAATAG-1,1,39,127,6142,10948
TGCCTGATCAAACGAT-1,1,20,70,3566,6511
TGCGAATATGGGATTT-1,1,45,13,6950,2071
TGCGAGATGGCGGCCA-1,1,11,115,2348,10016
TGCGAGCCCTTCCGCG-1,1,12,102,2483,9003
TGCGCAAAGCATTTGG-1,1,31,67,5056,6277
TGCGCCGTTAATAACG-1,1,41,123,6413,10636
TGCGCGATTAACGGAG-1,1,27,41,4513,4253
TGCGGAGTAAAGGTGC-1,1,22,70,3837,6511
TGCGGCATAGTTCAAC-1,1,12,54,2481,5266
TGCGGTGAAATTTCAT-1,1,12,66,2482,6200
TGCGTCATGACTGAGC-1,1,53,21,8035,2693
TGCTCTGCCGGTTCAC-1,1,27,127,4516,10949
TGCTGGTTGGACAATT-1,1,21,41,3700,4253
TGGAACCACTGACACA-1,1,24,102,4109,9002
TGGAAGACGAACACCA-1,1,14,46,2752,4643
TGGAAGGATAAAGATG-1,1,20,68,3566,6355
TGGAATATCCTTGACC-1,1,23,107,3974,9392
TGGAATTAGACGCTTT-1,1,26,18,4376,2462
TGGACGCAATCCAGCC-1,1,58,20,8712,2615
TGGACTGTTCGCTCAA-1,1,37,73,5869,6743
TGGAGGGAAACACCTC-1,1,22,122,3839,10560
TGGAGTGATGCGATGA-1,1,29,41,4784,4252
TGGCAACTCGCGCGCC-1,1,22,86,3837,7757
TGGCATGAAGTTTGGG-1,1,56,12,8441,1992
TGGCCAAACTGAAGTA-1,1,28,76,4650,6978
TGGCCAATTTGGTACT-1,1,49,11,7492,1915
TGGCCGTATATTGACC-1,1,26,38,4377,4019
TGGCGGTGTGCGATTG-1,1,7,43,1803,4410
TGGCTCTTGTCGCGTA-1,1,42,12,6544,1993
TGGCTTATGTATAATG-1,1,55,1,8305,1136
TGGCTTGTACAAGCTT-1,1,16,116,3026,10093
TGGCTTTGGGTAGACA-1,1,19,51,3429,5032
TGGGAAATGCCTTTCC-1,1,23,27,3970,3163
TGGGATGCACTCATTC-1,1,12,98,2483,8692
TGGGCACAAACAGAAC-1,1,8,46,1939,4643
TGGGCACGTTCTATGG-1,1,15,73,2888,6745
TGGGCCACAAGAGCGC-1,1,18,72,3295,6667
TGGGTAAGGTTCCCGC-1,1,13,79,2618,7212
TGGGTGGGATGTCATT-1,1,10,112,2213,9782
TGGTAAGCAGGATTGA-1,1,41,11,6408,1916
TGGTATCGGTCTGTAT-1,1,7,59,1804,5656
TGGTCTGTTGGGCGTA-1,1,37,29,5867,3317
TGGTTAACTTACATTT-1,1,60,8,8982,1681
TGGTTAAGGGCGCTGG-1,1,26,114,4380,9937
TGGTTCGTAGCAAAGG-1,1,23,55,3971,5343
TGGTTTAAACGTGGGT-1,1,24,112,4109,9781
TGTAATGACCACAATA-1,1,36,14,5731,2150
TGTACCCGACCCTAAT-1,1,67,7,9931,1602
TGTACTACTCTCACGG-1,1,20,120,3568,10404
TGTAGGAGAAATTTCC-1,1,34,86,5463,7756
TGTAGTGATCTATAAT-1,1,35,33,5596,3629
TGTATAACAGATCCTG-1,1,29,79,4785,7211
TGTATACGGATGATGA-1,1,25,125,4245,10793
TGTATCAGACTGAAGC-1,1,10,110,2213,9626
TGTATCCTTATTCCAT-1,1,10,50,2210,4955
TGTATTTACCTAATGC-1,1,10,102,2212,9004
TGTCATTTGTTGGGAA-1,1,21,109,3703,9548
TGTCCCGACATAGCAC-1,1,11,57,2346,5500
TGTCCGTGGCGCCTTT-1,1,30,18,4918,2461
TGTCCTAAGTCACCGC-1,1,34,30,5461,3395
TGTCGTTATCACATAT-1,1,61,15,9118,2225
TGTCTACAGTTTCTGT-1,1,11,53,2346,5188
TGTGACTACGCCAGTC-1,1,21,73,3701,6745
TGTGCCAGAGGCAAAG-1,1,54,0,8169,1058
TGTGCTTTACGTAAGA-1,1,36,18,5731,2461
TGTGGCAAAGCGTATG-1,1,29,87,4786,7834
TGTGTCGCGAGTTGCA-1,1,24,36,4106,3863
TGTGTTCGTATCCAAG-1,1,31,21,5054,2695
TGTTCTCTACTCCCTA-1,1,13,123,2620,10638
TGTTGTCAAGAAGTCT-1,1,24,82,4108,7445
TGTTTCGGTACTTCTC-1,1,18,56,3294,5421
TGTTTCTGAAGCGTGC-1,1,63,7,9389,1602
TTAAACCGGTAGCGAC-1,1,8,52,1939,5110
TTAAACTCGAATTCAT-1,1,31,95,5057,8457
TTAACACCTCGAACAT-1,1,24,22,4106,2773
TTAACCAACCCTCCCT-1,1,19,55,3430,5343
TTAACGAACAAGCAGT-1,1,22,114,3838,9937
TTAACGTCGCAAGACC-1,1,10,54,2210,5266
TTAACTTCAGGTAGGA-1,1,46,26,7086,3083
TTAAGCCGACAACTTC-1,1,13,77,2618,7057
TTAAGGCCCGTACTTT-1,1,59,25,8848,3004
TTAATCAGTACGTCAG-1,1,18,76,3295,6978
TTAATGTAGACCAGGT-1,1,30,68,4920,6355
TTAATTTCAGACGCGG-1,1,17,69,3159,6433
TTACAACTACGCATCC-1,1,24,52,4107,5109
TTACAGACCTAAATGA-1,1,26,96,4380,8535
TTACATCGTGGCCTGG-1,1,20,36,3564,3864
TTACCATTGATTACCC-1,1,34,28,5461,3240
TTACCCATTGCCGGGT-1,1,17,85,3160,7679
TTACCCTAACAGTCCT-1,1,24,24,4106,2929
TTACTATCGGCTTCTC-1,1,34,16,5460,2305
TTACTCTGGTACGTAC-1,1,43,31,6680,3473
TTACTGTCTAGAGCTC-1,1,19,115,3432,10015
TTAGACACGATCGTTG-1,1,16,86,3024,7757
TTAGCAACATGGATGT-1,1,20,28,3564,3241
TTAGCTAATACGATCT-1,1,22,98,3838,8691
TTAGCTCTGTAATCCG-1,1,31,15,5054,2228
TTAGTAGGGCGGCGGG-1,1,34,26,5461,3084
TTAGTTCAAGTGTTCG-1,1,22,112,3838,9781
TTATATTTGGCAATCC-1,1,26,64,4378,6043
TTATCCAATCGAACTC-1,1,13,33,2616,3631
TTATCCTCAAGGAATA-1,1,52,18,7899,2460
TTATCGCCTGCGAAGC-1,1,27,17,4512,2384
TTATCTGACATTAGGA-1,1,46,8,7086,1682
TTATCTGTATCATAAC-1,1,22,60,3836,5732
TTATGACAAACTGGAT-1,1,27,35,4513,3785
TTATGATCTTAACGAA-1,1,38,82,6005,7444
TTATGCGTCCCGGTCC-1,1,7,45,1803,4565
TTATGTTTGCGATAGA-1,1,26,20,4376,2617
TTATTAGGGAAGCATC-1,1,15,59,2888,5655
TTCAAAGTCTCTAGCC-1,1,35,75,5598,6899
TTCAACGACCCGACCG-1,1,20,48,3565,4798
TTCAAGCCGAGCTGAG-1,1,13,75,2617,6901
TTCAATACTCTGAATC-1,1,38,86,6005,7756
TTCAGGCGTCAAAGCC-1,1,40,16,6273,2305
TTCATGGCGCAACAGG-1,1,19,75,3430,6901
TTCCAATCAGAGCTAG-1,1,23,95,3973,8457
TTCCAGACGAGATTTA-1,1,39,111,6142,9702
TTCCATCATGCGGTGA-1,1,13,99,2618,8770
TTCCCGGCGCCAATAG-1,1,46,12,7086,1993
TTCCGCAGAGAAATAT-1,1,21,101,3702,8925
TTCCGGCTCGACTTCT-1,1,12,110,2483,9626
TTCCGGTATCTGTGTC-1,1,41,115,6413,10013
TTCCTCGAGGGTGTCT-1,1,21,49,3700,4876
TTCCTCTGCCCGAATA-1,1,35,15,5596,2227
TTCGACGGGAAGGGCG-1,1,24,44,4106,4486
TTCGCACTCGCGTGCT-1,1,25,45,4242,4564
TTCGCCGCTCGCGCTA-1,1,57,9,8576,1759
TTCGCTAGGAAGTTGT-1,1,41,117,6413,10169
TTCGCTATCTGACGTG-1,1,20,100,3567,8847
TTCGGACTGGGCATGG-1,1,68,6,10066,1524
TTCGGCAACCCGCTGA-1,1,16,88,3024,7913
TTCGGGACTAATCGCG-1,1,36,72,5733,6666
TTCGTACTCCAGAACG-1,1,29,29,4783,3318
TTCGTTCAACGAAGTT-1,1,23,105,3974,9236
TTCTACTTGCGAGGGC-1,1,22,32,3835,3552
TTCTAGGCCAATTGTG-1,1,22,44,3835,4486
TTCTATGCCTTTCGCA-1,1,29,121,4787,10482
TTCTCTTACAGGTGAT-1,1,62,8,9253,1680
TTCTGCGAGCGCCCTT-1,1,33,17,5325,2383
TTCTGCGGGTTAGCGG-1,1,40,80,6276,7288
TTCTGCTAGACTCCAA-1,1,28,106,4651,9314
TTCTTAGTGAACGGTG-1,1,18,34,3293,3708
TTCTTAGTGGCTCAGA-1,1,17,61,3159,5811
TTCTTGCTAGCATCTC-1,1,40,110,6277,9624
TTCTTGGACGATCTGC-1,1,52,32,7899,3550
TTCTTGGAGTAATGAG-1,1,21,79,3702,7212
TTCTTGTAACCTAATG-1,1,23,35,3971,3786
TTCTTTGGTCGCGACG-1,1,24,104,4109,9158
TTGAAAGGTGTAAAGG-1,1,13,103,2619,9081
TTGAAGGATGGGCGCC-1,1,62,12,9253,1992
TTGAATATGGACTTTC-1,1,34,76,5463,6977
TTGAATCGTTGTATAA-1,1,48,10,7357,1837
TTGACCATGTTCTCCG-1,1,24,78,4108,7134
TTGACGATTCAGCACG-1,1,9,51,2074,5033
TTGAGCGCCACGTGAT-1,1,38,118,6006,10247
TTGAGTCCCGCTGCTG-1,1,39,119,6142,10325
TTGATAGTCAATACAT-1,1,27,115,4516,10014
TTGATGTGTAGTCCCG-1,1,24,90,4108,8068
TTGATTAGCTGTTTCT-1,1,48,34,7358,3706
TTGATTATGCAGATGA-1,1,27,33,4512,3630
TTGCACGGAGCAGCAC-1,1,21,59,3701,5655
TTGCCATAGCCCGCTC-1,1,54,24,8170,2927
TTGCCCTGATCACGGG-1,1,36,34,5732,3707
TTGCCGCAGACCTACA-1,1,62,18,9254,2459
TTGCCGGTGATCCCTC-1,1,11,97,2347,8614
TTGCGTAGTTTGAGGA-1,1,25,19,4241,2540
TTGCGTGAACGCTTAG-1,1,14,96,2754,8536
TTGCTCCCATACCGGA-1,1,22,72,3837,6667
TTGCTGAAGGAACCAC-1,1,19,57,3430,5499
TTGCTGCACCTATCCA-1,1,22,20,3834,2618
TTGGAAGAATACAGTC-1,1,50,24,7628,2927
TTGGACATGTGGCTTA-1,1,41,29,6409,3317
TTGGAGTCTCCCTTCT-1,1,8,44,1939,4488
TTGGATCGACTTCTGG-1,1,10,60,2210,5733
TTGGATTGGGTACCAC-1,1,17,55,3159,5343
TTGGCCTAGAATTTCG-1,1,16,82,3024,7446
TTGGCGATCCGAATAT-1,1,35,121,5600,10481
TTGGCTCGCATGAGAC-1,1,23,37,3971,3941
TTGGGACACTGCCCGC-1,1,28,70,4650,6511
TTGGGTTTATTCAGCG-1,1,15,125,2891,10794
TTGGTATGGCTTGTGT-1,1,33,117,5329,10170
TTGGTTCGCTCAAAGG-1,1,39,125,6142,10792
TTGGTTGCGGTGCGCG-1,1,53,23,8035,2849
TTGTAAGGACCTAAGT-1,1,46,32,7087,3550
TTGTAAGGCCAGTTGG-1,1,27,81,4514,7367
TTGTATCACACAGAAT-1,1,12,74,2482,6823
TTGTCACCGCGGTATC-1,1,53,5,8034,1447
TTGTCGTTCAGTTACC-1,1,22,58,3836,5577
TTGTGAGGCATGACGC-1,1,43,13,6679,2071
TTGTGCGGAAGCGGAT-1,1,60,2,8982,1213
TTGTGGCCCTGACAGT-1,1,18,60,3294,5733
TTGTGGTAGGAGGGAT-1,1,50,28,7628,3239
TTGTGGTATAGGTATG-1,1,24,126,4110,10871
TTGTTAGCAAATTCGA-1,1,22,42,3835,4331
TTGTTCAGTGTGCTAC-1,1,24,64,4107,6044
TTGTTTCCATACAACT-1,1,45,27,6951,3161
TTGTTTGTGTAAATTC-1,1,7,51,1804,5033